"","X","generations","popsize_outcrossrate","He","popsize","outcross"
"1",1,1,"10_0",0.296450555,10,0
"2",2,2,"10_0",0.28897212,10,0
"3",3,3,"10_0",0.285286855,10,0
"4",4,4,"10_0",0.283413995,10,0
"5",5,5,"10_0",0.28246888,10,0
"6",6,6,"10_0",0.28202871,10,0
"7",7,7,"10_0",0.281790945,10,0
"8",8,8,"10_0",0.2816757,10,0
"9",9,9,"10_0",0.28160843,10,0
"10",10,10,"10_0",0.28157692,10,0
"11",11,11,"10_0",0.28156315,10,0
"12",12,12,"10_0",0.281557515,10,0
"13",13,13,"10_0",0.281555695,10,0
"14",14,14,"10_0",0.28155004,10,0
"15",15,15,"10_0",0.281548235,10,0
"16",16,16,"10_0",0.281548275,10,0
"17",17,17,"10_0",0.281548815,10,0
"18",18,18,"10_0",0.2815488,10,0
"19",19,19,"10_0",0.281548695,10,0
"20",20,20,"10_0",0.2815485,10,0
"21",21,21,"10_0",0.28154848,10,0
"22",22,22,"10_0",0.281548495,10,0
"23",23,23,"10_0",0.281548495,10,0
"24",24,24,"10_0",0.281548495,10,0
"25",25,25,"10_0",0.281548495,10,0
"26",26,26,"10_0",0.281548495,10,0
"27",27,27,"10_0",0.28154846,10,0
"28",28,28,"10_0",0.28154846,10,0
"29",29,29,"10_0",0.28154846,10,0
"30",30,30,"10_0",0.28154846,10,0
"31",31,31,"10_0",0.28154846,10,0
"32",32,32,"10_0",0.28154846,10,0
"33",33,33,"10_0",0.28154846,10,0
"34",34,34,"10_0",0.28154846,10,0
"35",35,35,"10_0",0.28154846,10,0
"36",36,36,"10_0",0.28154846,10,0
"37",37,37,"10_0",0.28154846,10,0
"38",38,38,"10_0",0.28154846,10,0
"39",39,39,"10_0",0.28154846,10,0
"40",40,40,"10_0",0.28154846,10,0
"41",41,41,"10_0",0.28154846,10,0
"42",42,42,"10_0",0.28154846,10,0
"43",43,43,"10_0",0.28154846,10,0
"44",44,44,"10_0",0.28154846,10,0
"45",45,45,"10_0",0.28154846,10,0
"46",46,46,"10_0",0.28154846,10,0
"47",47,47,"10_0",0.28154846,10,0
"48",48,48,"10_0",0.28154846,10,0
"49",49,49,"10_0",0.28154846,10,0
"50",50,50,"10_0",0.28154846,10,0
"51",51,51,"10_0",0.28154846,10,0
"52",52,52,"10_0",0.28154846,10,0
"53",53,53,"10_0",0.28154846,10,0
"54",54,54,"10_0",0.28154846,10,0
"55",55,55,"10_0",0.28154846,10,0
"56",56,56,"10_0",0.28154846,10,0
"57",57,57,"10_0",0.28154846,10,0
"58",58,58,"10_0",0.28154846,10,0
"59",59,59,"10_0",0.28154846,10,0
"60",60,60,"10_0",0.28154846,10,0
"61",61,61,"10_0",0.28154846,10,0
"62",62,62,"10_0",0.28154846,10,0
"63",63,63,"10_0",0.28154846,10,0
"64",64,64,"10_0",0.28154846,10,0
"65",65,65,"10_0",0.28154846,10,0
"66",66,66,"10_0",0.28154846,10,0
"67",67,67,"10_0",0.28154846,10,0
"68",68,68,"10_0",0.28154846,10,0
"69",69,69,"10_0",0.28154846,10,0
"70",70,70,"10_0",0.28154846,10,0
"71",71,71,"10_0",0.28154846,10,0
"72",72,72,"10_0",0.28154846,10,0
"73",73,73,"10_0",0.28154846,10,0
"74",74,74,"10_0",0.28154846,10,0
"75",75,75,"10_0",0.28154846,10,0
"76",76,76,"10_0",0.28154846,10,0
"77",77,77,"10_0",0.28154846,10,0
"78",78,78,"10_0",0.28154846,10,0
"79",79,79,"10_0",0.28154846,10,0
"80",80,80,"10_0",0.28154846,10,0
"81",81,81,"10_0",0.28154846,10,0
"82",82,82,"10_0",0.28154846,10,0
"83",83,83,"10_0",0.28154846,10,0
"84",84,84,"10_0",0.28154846,10,0
"85",85,85,"10_0",0.28154846,10,0
"86",86,86,"10_0",0.28154846,10,0
"87",87,87,"10_0",0.28154846,10,0
"88",88,88,"10_0",0.28154846,10,0
"89",89,89,"10_0",0.28154846,10,0
"90",90,90,"10_0",0.28154846,10,0
"91",91,91,"10_0",0.28154846,10,0
"92",92,92,"10_0",0.28154846,10,0
"93",93,93,"10_0",0.28154846,10,0
"94",94,94,"10_0",0.28154846,10,0
"95",95,95,"10_0",0.28154846,10,0
"96",96,96,"10_0",0.28154846,10,0
"97",97,97,"10_0",0.28154846,10,0
"98",98,98,"10_0",0.28154846,10,0
"99",99,99,"10_0",0.28154846,10,0
"100",100,100,"10_0",0.28154846,10,0
"101",1,1,"10_0.25",0.296371855,10,0.25
"102",2,2,"10_0.25",0.287296345,10,0.25
"103",3,3,"10_0.25",0.280288645,10,0.25
"104",4,4,"10_0.25",0.274267925,10,0.25
"105",5,5,"10_0.25",0.26849469,10,0.25
"106",6,6,"10_0.25",0.263046985,10,0.25
"107",7,7,"10_0.25",0.25762794,10,0.25
"108",8,8,"10_0.25",0.252530605,10,0.25
"109",9,9,"10_0.25",0.24749397,10,0.25
"110",10,10,"10_0.25",0.242304625,10,0.25
"111",11,11,"10_0.25",0.237360105,10,0.25
"112",12,12,"10_0.25",0.23246265,10,0.25
"113",13,13,"10_0.25",0.227406845,10,0.25
"114",14,14,"10_0.25",0.222713705,10,0.25
"115",15,15,"10_0.25",0.218182045,10,0.25
"116",16,16,"10_0.25",0.21356267,10,0.25
"117",17,17,"10_0.25",0.20921741,10,0.25
"118",18,18,"10_0.25",0.204814905,10,0.25
"119",19,19,"10_0.25",0.200564145,10,0.25
"120",20,20,"10_0.25",0.196672455,10,0.25
"121",21,21,"10_0.25",0.19238591,10,0.25
"122",22,22,"10_0.25",0.188530165,10,0.25
"123",23,23,"10_0.25",0.18480006,10,0.25
"124",24,24,"10_0.25",0.1809249,10,0.25
"125",25,25,"10_0.25",0.1774128,10,0.25
"126",26,26,"10_0.25",0.173785995,10,0.25
"127",27,27,"10_0.25",0.17020045,10,0.25
"128",28,28,"10_0.25",0.166648485,10,0.25
"129",29,29,"10_0.25",0.16317311,10,0.25
"130",30,30,"10_0.25",0.15995076,10,0.25
"131",31,31,"10_0.25",0.15666832,10,0.25
"132",32,32,"10_0.25",0.1534645,10,0.25
"133",33,33,"10_0.25",0.150266055,10,0.25
"134",34,34,"10_0.25",0.147251685,10,0.25
"135",35,35,"10_0.25",0.1441554,10,0.25
"136",36,36,"10_0.25",0.141200465,10,0.25
"137",37,37,"10_0.25",0.138243685,10,0.25
"138",38,38,"10_0.25",0.135416935,10,0.25
"139",39,39,"10_0.25",0.132760185,10,0.25
"140",40,40,"10_0.25",0.13007982,10,0.25
"141",41,41,"10_0.25",0.127390935,10,0.25
"142",42,42,"10_0.25",0.1248706,10,0.25
"143",43,43,"10_0.25",0.12236937,10,0.25
"144",44,44,"10_0.25",0.11980514,10,0.25
"145",45,45,"10_0.25",0.117275635,10,0.25
"146",46,46,"10_0.25",0.114914705,10,0.25
"147",47,47,"10_0.25",0.11254696,10,0.25
"148",48,48,"10_0.25",0.11023549,10,0.25
"149",49,49,"10_0.25",0.108012595,10,0.25
"150",50,50,"10_0.25",0.105713465,10,0.25
"151",51,51,"10_0.25",0.103556045,10,0.25
"152",52,52,"10_0.25",0.101526795,10,0.25
"153",53,53,"10_0.25",0.09940335,10,0.25
"154",54,54,"10_0.25",0.09744928,10,0.25
"155",55,55,"10_0.25",0.09545771,10,0.25
"156",56,56,"10_0.25",0.09352891,10,0.25
"157",57,57,"10_0.25",0.09162858,10,0.25
"158",58,58,"10_0.25",0.0897353,10,0.25
"159",59,59,"10_0.25",0.087904575,10,0.25
"160",60,60,"10_0.25",0.086177125,10,0.25
"161",61,61,"10_0.25",0.08444705,10,0.25
"162",62,62,"10_0.25",0.082677195,10,0.25
"163",63,63,"10_0.25",0.08100369,10,0.25
"164",64,64,"10_0.25",0.079376535,10,0.25
"165",65,65,"10_0.25",0.077771825,10,0.25
"166",66,66,"10_0.25",0.07620913,10,0.25
"167",67,67,"10_0.25",0.0746528,10,0.25
"168",68,68,"10_0.25",0.073107835,10,0.25
"169",69,69,"10_0.25",0.07163095,10,0.25
"170",70,70,"10_0.25",0.07017947,10,0.25
"171",71,71,"10_0.25",0.068773515,10,0.25
"172",72,72,"10_0.25",0.067373555,10,0.25
"173",73,73,"10_0.25",0.065971455,10,0.25
"174",74,74,"10_0.25",0.064590465,10,0.25
"175",75,75,"10_0.25",0.063229655,10,0.25
"176",76,76,"10_0.25",0.061932435,10,0.25
"177",77,77,"10_0.25",0.060635265,10,0.25
"178",78,78,"10_0.25",0.05939271,10,0.25
"179",79,79,"10_0.25",0.058201005,10,0.25
"180",80,80,"10_0.25",0.056960795,10,0.25
"181",81,81,"10_0.25",0.05579616,10,0.25
"182",82,82,"10_0.25",0.054627745,10,0.25
"183",83,83,"10_0.25",0.053504825,10,0.25
"184",84,84,"10_0.25",0.05246163,10,0.25
"185",85,85,"10_0.25",0.05136496,10,0.25
"186",86,86,"10_0.25",0.050292705,10,0.25
"187",87,87,"10_0.25",0.04926653,10,0.25
"188",88,88,"10_0.25",0.048260755,10,0.25
"189",89,89,"10_0.25",0.04726074,10,0.25
"190",90,90,"10_0.25",0.046285465,10,0.25
"191",91,91,"10_0.25",0.04534688,10,0.25
"192",92,92,"10_0.25",0.044413705,10,0.25
"193",93,93,"10_0.25",0.043465285,10,0.25
"194",94,94,"10_0.25",0.04255243,10,0.25
"195",95,95,"10_0.25",0.041665345,10,0.25
"196",96,96,"10_0.25",0.040817395,10,0.25
"197",97,97,"10_0.25",0.04000527,10,0.25
"198",98,98,"10_0.25",0.03914735,10,0.25
"199",99,99,"10_0.25",0.038336315,10,0.25
"200",100,100,"10_0.25",0.03753897,10,0.25
"201",1,1,"10_0.5",0.296462,10,0.5
"202",2,2,"10_0.5",0.286219595,10,0.5
"203",3,3,"10_0.5",0.276886595,10,0.5
"204",4,4,"10_0.5",0.268143565,10,0.5
"205",5,5,"10_0.5",0.259920005,10,0.5
"206",6,6,"10_0.5",0.25173952,10,0.5
"207",7,7,"10_0.5",0.24390753,10,0.5
"208",8,8,"10_0.5",0.236130695,10,0.5
"209",9,9,"10_0.5",0.22873575,10,0.5
"210",10,10,"10_0.5",0.22149103,10,0.5
"211",11,11,"10_0.5",0.21438163,10,0.5
"212",12,12,"10_0.5",0.20777871,10,0.5
"213",13,13,"10_0.5",0.201286985,10,0.5
"214",14,14,"10_0.5",0.19493193,10,0.5
"215",15,15,"10_0.5",0.188680365,10,0.5
"216",16,16,"10_0.5",0.182828965,10,0.5
"217",17,17,"10_0.5",0.17696202,10,0.5
"218",18,18,"10_0.5",0.171596135,10,0.5
"219",19,19,"10_0.5",0.166052885,10,0.5
"220",20,20,"10_0.5",0.16105742,10,0.5
"221",21,21,"10_0.5",0.156229415,10,0.5
"222",22,22,"10_0.5",0.151397895,10,0.5
"223",23,23,"10_0.5",0.1468135,10,0.5
"224",24,24,"10_0.5",0.142168205,10,0.5
"225",25,25,"10_0.5",0.13773465,10,0.5
"226",26,26,"10_0.5",0.13337665,10,0.5
"227",27,27,"10_0.5",0.129280685,10,0.5
"228",28,28,"10_0.5",0.1253147,10,0.5
"229",29,29,"10_0.5",0.121499015,10,0.5
"230",30,30,"10_0.5",0.11772403,10,0.5
"231",31,31,"10_0.5",0.114090515,10,0.5
"232",32,32,"10_0.5",0.11046031,10,0.5
"233",33,33,"10_0.5",0.107081275,10,0.5
"234",34,34,"10_0.5",0.103682465,10,0.5
"235",35,35,"10_0.5",0.100580495,10,0.5
"236",36,36,"10_0.5",0.097421455,10,0.5
"237",37,37,"10_0.5",0.0944311,10,0.5
"238",38,38,"10_0.5",0.091452805,10,0.5
"239",39,39,"10_0.5",0.08864018,10,0.5
"240",40,40,"10_0.5",0.08575391,10,0.5
"241",41,41,"10_0.5",0.083037215,10,0.5
"242",42,42,"10_0.5",0.08046192,10,0.5
"243",43,43,"10_0.5",0.07795777,10,0.5
"244",44,44,"10_0.5",0.07544271,10,0.5
"245",45,45,"10_0.5",0.07309823,10,0.5
"246",46,46,"10_0.5",0.070805275,10,0.5
"247",47,47,"10_0.5",0.06855003,10,0.5
"248",48,48,"10_0.5",0.06633344,10,0.5
"249",49,49,"10_0.5",0.064278105,10,0.5
"250",50,50,"10_0.5",0.06227682,10,0.5
"251",51,51,"10_0.5",0.060335945,10,0.5
"252",52,52,"10_0.5",0.0584704,10,0.5
"253",53,53,"10_0.5",0.05660087,10,0.5
"254",54,54,"10_0.5",0.054836875,10,0.5
"255",55,55,"10_0.5",0.053121225,10,0.5
"256",56,56,"10_0.5",0.05147963,10,0.5
"257",57,57,"10_0.5",0.04982955,10,0.5
"258",58,58,"10_0.5",0.048297935,10,0.5
"259",59,59,"10_0.5",0.04680765,10,0.5
"260",60,60,"10_0.5",0.04541196,10,0.5
"261",61,61,"10_0.5",0.04399126,10,0.5
"262",62,62,"10_0.5",0.042649365,10,0.5
"263",63,63,"10_0.5",0.041305975,10,0.5
"264",64,64,"10_0.5",0.039985145,10,0.5
"265",65,65,"10_0.5",0.03874132,10,0.5
"266",66,66,"10_0.5",0.037517465,10,0.5
"267",67,67,"10_0.5",0.0363197,10,0.5
"268",68,68,"10_0.5",0.03520252,10,0.5
"269",69,69,"10_0.5",0.03409132,10,0.5
"270",70,70,"10_0.5",0.033010375,10,0.5
"271",71,71,"10_0.5",0.03196521,10,0.5
"272",72,72,"10_0.5",0.030993725,10,0.5
"273",73,73,"10_0.5",0.03003727,10,0.5
"274",74,74,"10_0.5",0.029085105,10,0.5
"275",75,75,"10_0.5",0.028176,10,0.5
"276",76,76,"10_0.5",0.02730574,10,0.5
"277",77,77,"10_0.5",0.026482625,10,0.5
"278",78,78,"10_0.5",0.025691735,10,0.5
"279",79,79,"10_0.5",0.02486111,10,0.5
"280",80,80,"10_0.5",0.02409245,10,0.5
"281",81,81,"10_0.5",0.02334204,10,0.5
"282",82,82,"10_0.5",0.02263101,10,0.5
"283",83,83,"10_0.5",0.021942425,10,0.5
"284",84,84,"10_0.5",0.02123424,10,0.5
"285",85,85,"10_0.5",0.02059637,10,0.5
"286",86,86,"10_0.5",0.01997481,10,0.5
"287",87,87,"10_0.5",0.019344025,10,0.5
"288",88,88,"10_0.5",0.018704505,10,0.5
"289",89,89,"10_0.5",0.018124995,10,0.5
"290",90,90,"10_0.5",0.01754147,10,0.5
"291",91,91,"10_0.5",0.01701215,10,0.5
"292",92,92,"10_0.5",0.016471795,10,0.5
"293",93,93,"10_0.5",0.015961,10,0.5
"294",94,94,"10_0.5",0.015430775,10,0.5
"295",95,95,"10_0.5",0.014958625,10,0.5
"296",96,96,"10_0.5",0.01449025,10,0.5
"297",97,97,"10_0.5",0.01402021,10,0.5
"298",98,98,"10_0.5",0.013590835,10,0.5
"299",99,99,"10_0.5",0.01318807,10,0.5
"300",100,100,"10_0.5",0.012784075,10,0.5
"301",1,1,"10_0.75",0.29634562,10,0.75
"302",2,2,"10_0.75",0.285358005,10,0.75
"303",3,3,"10_0.75",0.275062325,10,0.75
"304",4,4,"10_0.75",0.265095865,10,0.75
"305",5,5,"10_0.75",0.2556764,10,0.75
"306",6,6,"10_0.75",0.246219765,10,0.75
"307",7,7,"10_0.75",0.237155685,10,0.75
"308",8,8,"10_0.75",0.22856703,10,0.75
"309",9,9,"10_0.75",0.22022994,10,0.75
"310",10,10,"10_0.75",0.21223775,10,0.75
"311",11,11,"10_0.75",0.204388715,10,0.75
"312",12,12,"10_0.75",0.19703433,10,0.75
"313",13,13,"10_0.75",0.190026195,10,0.75
"314",14,14,"10_0.75",0.18317726,10,0.75
"315",15,15,"10_0.75",0.1763504,10,0.75
"316",16,16,"10_0.75",0.16994615,10,0.75
"317",17,17,"10_0.75",0.16367077,10,0.75
"318",18,18,"10_0.75",0.157743625,10,0.75
"319",19,19,"10_0.75",0.152055345,10,0.75
"320",20,20,"10_0.75",0.14655046,10,0.75
"321",21,21,"10_0.75",0.14118666,10,0.75
"322",22,22,"10_0.75",0.13600585,10,0.75
"323",23,23,"10_0.75",0.131241195,10,0.75
"324",24,24,"10_0.75",0.12649879,10,0.75
"325",25,25,"10_0.75",0.121967545,10,0.75
"326",26,26,"10_0.75",0.117587575,10,0.75
"327",27,27,"10_0.75",0.11326185,10,0.75
"328",28,28,"10_0.75",0.10903846,10,0.75
"329",29,29,"10_0.75",0.10506237,10,0.75
"330",30,30,"10_0.75",0.10119153,10,0.75
"331",31,31,"10_0.75",0.097484295,10,0.75
"332",32,32,"10_0.75",0.093798565,10,0.75
"333",33,33,"10_0.75",0.090339725,10,0.75
"334",34,34,"10_0.75",0.087095945,10,0.75
"335",35,35,"10_0.75",0.083948435,10,0.75
"336",36,36,"10_0.75",0.080808615,10,0.75
"337",37,37,"10_0.75",0.077813145,10,0.75
"338",38,38,"10_0.75",0.07500784,10,0.75
"339",39,39,"10_0.75",0.07218913,10,0.75
"340",40,40,"10_0.75",0.06961437,10,0.75
"341",41,41,"10_0.75",0.06700858,10,0.75
"342",42,42,"10_0.75",0.06458715,10,0.75
"343",43,43,"10_0.75",0.062217635,10,0.75
"344",44,44,"10_0.75",0.05996889,10,0.75
"345",45,45,"10_0.75",0.057764485,10,0.75
"346",46,46,"10_0.75",0.055716035,10,0.75
"347",47,47,"10_0.75",0.05363575,10,0.75
"348",48,48,"10_0.75",0.0517055,10,0.75
"349",49,49,"10_0.75",0.04987168,10,0.75
"350",50,50,"10_0.75",0.048074245,10,0.75
"351",51,51,"10_0.75",0.046383465,10,0.75
"352",52,52,"10_0.75",0.044609105,10,0.75
"353",53,53,"10_0.75",0.04296687,10,0.75
"354",54,54,"10_0.75",0.0414102,10,0.75
"355",55,55,"10_0.75",0.039875635,10,0.75
"356",56,56,"10_0.75",0.03843713,10,0.75
"357",57,57,"10_0.75",0.037015025,10,0.75
"358",58,58,"10_0.75",0.03565355,10,0.75
"359",59,59,"10_0.75",0.034330805,10,0.75
"360",60,60,"10_0.75",0.033085845,10,0.75
"361",61,61,"10_0.75",0.03192273,10,0.75
"362",62,62,"10_0.75",0.03075935,10,0.75
"363",63,63,"10_0.75",0.02963185,10,0.75
"364",64,64,"10_0.75",0.028583255,10,0.75
"365",65,65,"10_0.75",0.02753835,10,0.75
"366",66,66,"10_0.75",0.02651756,10,0.75
"367",67,67,"10_0.75",0.0255478,10,0.75
"368",68,68,"10_0.75",0.024634115,10,0.75
"369",69,69,"10_0.75",0.02372162,10,0.75
"370",70,70,"10_0.75",0.02287467,10,0.75
"371",71,71,"10_0.75",0.0220459,10,0.75
"372",72,72,"10_0.75",0.0212122,10,0.75
"373",73,73,"10_0.75",0.020433825,10,0.75
"374",74,74,"10_0.75",0.01971139,10,0.75
"375",75,75,"10_0.75",0.019004255,10,0.75
"376",76,76,"10_0.75",0.01832958,10,0.75
"377",77,77,"10_0.75",0.017684825,10,0.75
"378",78,78,"10_0.75",0.017029465,10,0.75
"379",79,79,"10_0.75",0.016410995,10,0.75
"380",80,80,"10_0.75",0.01581952,10,0.75
"381",81,81,"10_0.75",0.01525333,10,0.75
"382",82,82,"10_0.75",0.014759075,10,0.75
"383",83,83,"10_0.75",0.01422075,10,0.75
"384",84,84,"10_0.75",0.013722665,10,0.75
"385",85,85,"10_0.75",0.013235095,10,0.75
"386",86,86,"10_0.75",0.01275928,10,0.75
"387",87,87,"10_0.75",0.012256305,10,0.75
"388",88,88,"10_0.75",0.01181051,10,0.75
"389",89,89,"10_0.75",0.01137689,10,0.75
"390",90,90,"10_0.75",0.010935115,10,0.75
"391",91,91,"10_0.75",0.01054019,10,0.75
"392",92,92,"10_0.75",0.01015862,10,0.75
"393",93,93,"10_0.75",0.00979665,10,0.75
"394",94,94,"10_0.75",0.0094348,10,0.75
"395",95,95,"10_0.75",0.009085505,10,0.75
"396",96,96,"10_0.75",0.008763515,10,0.75
"397",97,97,"10_0.75",0.00844793,10,0.75
"398",98,98,"10_0.75",0.00814326,10,0.75
"399",99,99,"10_0.75",0.00785907,10,0.75
"400",100,100,"10_0.75",0.007548755,10,0.75
"401",1,1,"10_1",0.296323135,10,1
"402",2,2,"10_1",0.285463015,10,1
"403",3,3,"10_1",0.274578925,10,1
"404",4,4,"10_1",0.26417263,10,1
"405",5,5,"10_1",0.253869455,10,1
"406",6,6,"10_1",0.244225445,10,1
"407",7,7,"10_1",0.234776715,10,1
"408",8,8,"10_1",0.225745405,10,1
"409",9,9,"10_1",0.21715678,10,1
"410",10,10,"10_1",0.208796055,10,1
"411",11,11,"10_1",0.200663865,10,1
"412",12,12,"10_1",0.19295643,10,1
"413",13,13,"10_1",0.18545504,10,1
"414",14,14,"10_1",0.178390195,10,1
"415",15,15,"10_1",0.171524715,10,1
"416",16,16,"10_1",0.16492801,10,1
"417",17,17,"10_1",0.15850767,10,1
"418",18,18,"10_1",0.152261755,10,1
"419",19,19,"10_1",0.146369085,10,1
"420",20,20,"10_1",0.14075272,10,1
"421",21,21,"10_1",0.13528503,10,1
"422",22,22,"10_1",0.129992505,10,1
"423",23,23,"10_1",0.124960665,10,1
"424",24,24,"10_1",0.120144495,10,1
"425",25,25,"10_1",0.11564511,10,1
"426",26,26,"10_1",0.111198045,10,1
"427",27,27,"10_1",0.10687158,10,1
"428",28,28,"10_1",0.10277818,10,1
"429",29,29,"10_1",0.09870853,10,1
"430",30,30,"10_1",0.094984725,10,1
"431",31,31,"10_1",0.091294505,10,1
"432",32,32,"10_1",0.087764265,10,1
"433",33,33,"10_1",0.08425358,10,1
"434",34,34,"10_1",0.080970485,10,1
"435",35,35,"10_1",0.07777523,10,1
"436",36,36,"10_1",0.07472382,10,1
"437",37,37,"10_1",0.07188387,10,1
"438",38,38,"10_1",0.069122,10,1
"439",39,39,"10_1",0.066493525,10,1
"440",40,40,"10_1",0.06396112,10,1
"441",41,41,"10_1",0.061562525,10,1
"442",42,42,"10_1",0.05915041,10,1
"443",43,43,"10_1",0.05690399,10,1
"444",44,44,"10_1",0.05473208,10,1
"445",45,45,"10_1",0.052655255,10,1
"446",46,46,"10_1",0.05057268,10,1
"447",47,47,"10_1",0.048640715,10,1
"448",48,48,"10_1",0.04676284,10,1
"449",49,49,"10_1",0.04489643,10,1
"450",50,50,"10_1",0.04316935,10,1
"451",51,51,"10_1",0.041523445,10,1
"452",52,52,"10_1",0.03990704,10,1
"453",53,53,"10_1",0.03837874,10,1
"454",54,54,"10_1",0.036921615,10,1
"455",55,55,"10_1",0.035500705,10,1
"456",56,56,"10_1",0.034119215,10,1
"457",57,57,"10_1",0.032819755,10,1
"458",58,58,"10_1",0.031588145,10,1
"459",59,59,"10_1",0.030388895,10,1
"460",60,60,"10_1",0.029170645,10,1
"461",61,61,"10_1",0.028071295,10,1
"462",62,62,"10_1",0.02700501,10,1
"463",63,63,"10_1",0.025997785,10,1
"464",64,64,"10_1",0.024980685,10,1
"465",65,65,"10_1",0.024021975,10,1
"466",66,66,"10_1",0.023112135,10,1
"467",67,67,"10_1",0.02219357,10,1
"468",68,68,"10_1",0.02133393,10,1
"469",69,69,"10_1",0.020512445,10,1
"470",70,70,"10_1",0.01971496,10,1
"471",71,71,"10_1",0.018938475,10,1
"472",72,72,"10_1",0.018170625,10,1
"473",73,73,"10_1",0.01745988,10,1
"474",74,74,"10_1",0.01675574,10,1
"475",75,75,"10_1",0.016121885,10,1
"476",76,76,"10_1",0.015533915,10,1
"477",77,77,"10_1",0.014944085,10,1
"478",78,78,"10_1",0.014391935,10,1
"479",79,79,"10_1",0.01384817,10,1
"480",80,80,"10_1",0.01331424,10,1
"481",81,81,"10_1",0.01281325,10,1
"482",82,82,"10_1",0.012337735,10,1
"483",83,83,"10_1",0.011866535,10,1
"484",84,84,"10_1",0.01142261,10,1
"485",85,85,"10_1",0.01097728,10,1
"486",86,86,"10_1",0.010554675,10,1
"487",87,87,"10_1",0.01015973,10,1
"488",88,88,"10_1",0.00976865,10,1
"489",89,89,"10_1",0.009404195,10,1
"490",90,90,"10_1",0.00904196,10,1
"491",91,91,"10_1",0.008680745,10,1
"492",92,92,"10_1",0.008354605,10,1
"493",93,93,"10_1",0.0080355,10,1
"494",94,94,"10_1",0.00770549,10,1
"495",95,95,"10_1",0.007410515,10,1
"496",96,96,"10_1",0.007111815,10,1
"497",97,97,"10_1",0.006829515,10,1
"498",98,98,"10_1",0.006566045,10,1
"499",99,99,"10_1",0.006305895,10,1
"500",100,100,"10_1",0.00606045,10,1
"501",1,1,"15_0",0.302051131111111,15,0
"502",2,2,"15_0",0.2970817,15,0
"503",3,3,"15_0",0.294620368888889,15,0
"504",4,4,"15_0",0.293387077777778,15,0
"505",5,5,"15_0",0.292775551111111,15,0
"506",6,6,"15_0",0.292475528888889,15,0
"507",7,7,"15_0",0.292316051111111,15,0
"508",8,8,"15_0",0.292247044444444,15,0
"509",9,9,"15_0",0.292209917777778,15,0
"510",10,10,"15_0",0.292189406666667,15,0
"511",11,11,"15_0",0.292176906666667,15,0
"512",12,12,"15_0",0.292170826666667,15,0
"513",13,13,"15_0",0.292168026666667,15,0
"514",14,14,"15_0",0.292167242222222,15,0
"515",15,15,"15_0",0.292166933333333,15,0
"516",16,16,"15_0",0.292166911111111,15,0
"517",17,17,"15_0",0.292166895555555,15,0
"518",18,18,"15_0",0.292167197777778,15,0
"519",19,19,"15_0",0.292167308888889,15,0
"520",20,20,"15_0",0.292167275555555,15,0
"521",21,21,"15_0",0.292167375555555,15,0
"522",22,22,"15_0",0.292167451111111,15,0
"523",23,23,"15_0",0.292167451111111,15,0
"524",24,24,"15_0",0.292167502222222,15,0
"525",25,25,"15_0",0.292167502222222,15,0
"526",26,26,"15_0",0.292167502222222,15,0
"527",27,27,"15_0",0.292167502222222,15,0
"528",28,28,"15_0",0.292167502222222,15,0
"529",29,29,"15_0",0.292167502222222,15,0
"530",30,30,"15_0",0.292167502222222,15,0
"531",31,31,"15_0",0.292167502222222,15,0
"532",32,32,"15_0",0.292167502222222,15,0
"533",33,33,"15_0",0.292167502222222,15,0
"534",34,34,"15_0",0.292167502222222,15,0
"535",35,35,"15_0",0.292167502222222,15,0
"536",36,36,"15_0",0.292167502222222,15,0
"537",37,37,"15_0",0.292167502222222,15,0
"538",38,38,"15_0",0.292167502222222,15,0
"539",39,39,"15_0",0.292167502222222,15,0
"540",40,40,"15_0",0.292167502222222,15,0
"541",41,41,"15_0",0.292167502222222,15,0
"542",42,42,"15_0",0.292167502222222,15,0
"543",43,43,"15_0",0.292167502222222,15,0
"544",44,44,"15_0",0.292167502222222,15,0
"545",45,45,"15_0",0.292167502222222,15,0
"546",46,46,"15_0",0.292167502222222,15,0
"547",47,47,"15_0",0.292167502222222,15,0
"548",48,48,"15_0",0.292167502222222,15,0
"549",49,49,"15_0",0.292167502222222,15,0
"550",50,50,"15_0",0.292167502222222,15,0
"551",51,51,"15_0",0.292167502222222,15,0
"552",52,52,"15_0",0.292167502222222,15,0
"553",53,53,"15_0",0.292167502222222,15,0
"554",54,54,"15_0",0.292167502222222,15,0
"555",55,55,"15_0",0.292167502222222,15,0
"556",56,56,"15_0",0.292167502222222,15,0
"557",57,57,"15_0",0.292167502222222,15,0
"558",58,58,"15_0",0.292167502222222,15,0
"559",59,59,"15_0",0.292167502222222,15,0
"560",60,60,"15_0",0.292167502222222,15,0
"561",61,61,"15_0",0.292167502222222,15,0
"562",62,62,"15_0",0.292167502222222,15,0
"563",63,63,"15_0",0.292167502222222,15,0
"564",64,64,"15_0",0.292167502222222,15,0
"565",65,65,"15_0",0.292167502222222,15,0
"566",66,66,"15_0",0.292167502222222,15,0
"567",67,67,"15_0",0.292167502222222,15,0
"568",68,68,"15_0",0.292167502222222,15,0
"569",69,69,"15_0",0.292167502222222,15,0
"570",70,70,"15_0",0.292167502222222,15,0
"571",71,71,"15_0",0.292167502222222,15,0
"572",72,72,"15_0",0.292167502222222,15,0
"573",73,73,"15_0",0.292167502222222,15,0
"574",74,74,"15_0",0.292167502222222,15,0
"575",75,75,"15_0",0.292167502222222,15,0
"576",76,76,"15_0",0.292167502222222,15,0
"577",77,77,"15_0",0.292167502222222,15,0
"578",78,78,"15_0",0.292167502222222,15,0
"579",79,79,"15_0",0.292167502222222,15,0
"580",80,80,"15_0",0.292167502222222,15,0
"581",81,81,"15_0",0.292167502222222,15,0
"582",82,82,"15_0",0.292167502222222,15,0
"583",83,83,"15_0",0.292167502222222,15,0
"584",84,84,"15_0",0.292167502222222,15,0
"585",85,85,"15_0",0.292167502222222,15,0
"586",86,86,"15_0",0.292167502222222,15,0
"587",87,87,"15_0",0.292167502222222,15,0
"588",88,88,"15_0",0.292167502222222,15,0
"589",89,89,"15_0",0.292167502222222,15,0
"590",90,90,"15_0",0.292167502222222,15,0
"591",91,91,"15_0",0.292167502222222,15,0
"592",92,92,"15_0",0.292167502222222,15,0
"593",93,93,"15_0",0.292167502222222,15,0
"594",94,94,"15_0",0.292167502222222,15,0
"595",95,95,"15_0",0.292167502222222,15,0
"596",96,96,"15_0",0.292167502222222,15,0
"597",97,97,"15_0",0.292167502222222,15,0
"598",98,98,"15_0",0.292167502222222,15,0
"599",99,99,"15_0",0.292167502222222,15,0
"600",100,100,"15_0",0.292167502222222,15,0
"601",1,1,"15_0.25",0.301975442222222,15,0.25
"602",2,2,"15_0.25",0.295884855555555,15,0.25
"603",3,3,"15_0.25",0.29123762,15,0.25
"604",4,4,"15_0.25",0.287052008888889,15,0.25
"605",5,5,"15_0.25",0.283171404444444,15,0.25
"606",6,6,"15_0.25",0.279467375555556,15,0.25
"607",7,7,"15_0.25",0.275880051111111,15,0.25
"608",8,8,"15_0.25",0.272196193333333,15,0.25
"609",9,9,"15_0.25",0.26849546,15,0.25
"610",10,10,"15_0.25",0.264953584444444,15,0.25
"611",11,11,"15_0.25",0.26158648,15,0.25
"612",12,12,"15_0.25",0.258079584444444,15,0.25
"613",13,13,"15_0.25",0.254707253333333,15,0.25
"614",14,14,"15_0.25",0.251305033333333,15,0.25
"615",15,15,"15_0.25",0.247924251111111,15,0.25
"616",16,16,"15_0.25",0.24463808,15,0.25
"617",17,17,"15_0.25",0.241562611111111,15,0.25
"618",18,18,"15_0.25",0.238370655555556,15,0.25
"619",19,19,"15_0.25",0.235116368888889,15,0.25
"620",20,20,"15_0.25",0.232031735555556,15,0.25
"621",21,21,"15_0.25",0.229058504444444,15,0.25
"622",22,22,"15_0.25",0.225837466666667,15,0.25
"623",23,23,"15_0.25",0.222976866666667,15,0.25
"624",24,24,"15_0.25",0.220028933333333,15,0.25
"625",25,25,"15_0.25",0.217188924444444,15,0.25
"626",26,26,"15_0.25",0.214334404444444,15,0.25
"627",27,27,"15_0.25",0.21149804,15,0.25
"628",28,28,"15_0.25",0.2086799,15,0.25
"629",29,29,"15_0.25",0.206036777777778,15,0.25
"630",30,30,"15_0.25",0.203352013333333,15,0.25
"631",31,31,"15_0.25",0.200719675555556,15,0.25
"632",32,32,"15_0.25",0.198087191111111,15,0.25
"633",33,33,"15_0.25",0.195404737777778,15,0.25
"634",34,34,"15_0.25",0.192868451111111,15,0.25
"635",35,35,"15_0.25",0.190418815555556,15,0.25
"636",36,36,"15_0.25",0.187811251111111,15,0.25
"637",37,37,"15_0.25",0.185307742222222,15,0.25
"638",38,38,"15_0.25",0.182790006666667,15,0.25
"639",39,39,"15_0.25",0.180423508888889,15,0.25
"640",40,40,"15_0.25",0.178030046666667,15,0.25
"641",41,41,"15_0.25",0.175762517777778,15,0.25
"642",42,42,"15_0.25",0.173459648888889,15,0.25
"643",43,43,"15_0.25",0.171173886666667,15,0.25
"644",44,44,"15_0.25",0.168844644444444,15,0.25
"645",45,45,"15_0.25",0.166665675555556,15,0.25
"646",46,46,"15_0.25",0.164464244444444,15,0.25
"647",47,47,"15_0.25",0.16223852,15,0.25
"648",48,48,"15_0.25",0.1601206,15,0.25
"649",49,49,"15_0.25",0.158020424444444,15,0.25
"650",50,50,"15_0.25",0.155926295555556,15,0.25
"651",51,51,"15_0.25",0.153892611111111,15,0.25
"652",52,52,"15_0.25",0.151787848888889,15,0.25
"653",53,53,"15_0.25",0.149795088888889,15,0.25
"654",54,54,"15_0.25",0.147804386666667,15,0.25
"655",55,55,"15_0.25",0.1459204,15,0.25
"656",56,56,"15_0.25",0.143965197777778,15,0.25
"657",57,57,"15_0.25",0.142021186666667,15,0.25
"658",58,58,"15_0.25",0.14010154,15,0.25
"659",59,59,"15_0.25",0.138226135555556,15,0.25
"660",60,60,"15_0.25",0.136381066666667,15,0.25
"661",61,61,"15_0.25",0.134538906666667,15,0.25
"662",62,62,"15_0.25",0.132849533333333,15,0.25
"663",63,63,"15_0.25",0.131122871111111,15,0.25
"664",64,64,"15_0.25",0.12936006,15,0.25
"665",65,65,"15_0.25",0.127622162222222,15,0.25
"666",66,66,"15_0.25",0.125885833333333,15,0.25
"667",67,67,"15_0.25",0.124266555555556,15,0.25
"668",68,68,"15_0.25",0.122596944444444,15,0.25
"669",69,69,"15_0.25",0.12100506,15,0.25
"670",70,70,"15_0.25",0.119364715555556,15,0.25
"671",71,71,"15_0.25",0.117742362222222,15,0.25
"672",72,72,"15_0.25",0.116189886666667,15,0.25
"673",73,73,"15_0.25",0.114660151111111,15,0.25
"674",74,74,"15_0.25",0.113173304444444,15,0.25
"675",75,75,"15_0.25",0.11168366,15,0.25
"676",76,76,"15_0.25",0.110190848888889,15,0.25
"677",77,77,"15_0.25",0.108713817777778,15,0.25
"678",78,78,"15_0.25",0.107257748888889,15,0.25
"679",79,79,"15_0.25",0.1058165,15,0.25
"680",80,80,"15_0.25",0.104470104444444,15,0.25
"681",81,81,"15_0.25",0.103068548888889,15,0.25
"682",82,82,"15_0.25",0.101584835555556,15,0.25
"683",83,83,"15_0.25",0.100169704444444,15,0.25
"684",84,84,"15_0.25",0.0987723022222222,15,0.25
"685",85,85,"15_0.25",0.0974975511111111,15,0.25
"686",86,86,"15_0.25",0.0962071666666667,15,0.25
"687",87,87,"15_0.25",0.0949144733333333,15,0.25
"688",88,88,"15_0.25",0.0936464555555555,15,0.25
"689",89,89,"15_0.25",0.0923914977777778,15,0.25
"690",90,90,"15_0.25",0.0911995888888889,15,0.25
"691",91,91,"15_0.25",0.0899469244444444,15,0.25
"692",92,92,"15_0.25",0.0887359155555555,15,0.25
"693",93,93,"15_0.25",0.08757152,15,0.25
"694",94,94,"15_0.25",0.0864272733333333,15,0.25
"695",95,95,"15_0.25",0.0852566311111111,15,0.25
"696",96,96,"15_0.25",0.0840303866666667,15,0.25
"697",97,97,"15_0.25",0.0828958622222222,15,0.25
"698",98,98,"15_0.25",0.0817559666666667,15,0.25
"699",99,99,"15_0.25",0.0806684044444444,15,0.25
"700",100,100,"15_0.25",0.0796113088888889,15,0.25
"701",1,1,"15_0.5",0.302059293333333,15,0.5
"702",2,2,"15_0.5",0.295104984444444,15,0.5
"703",3,3,"15_0.5",0.289025933333333,15,0.5
"704",4,4,"15_0.5",0.283185186666667,15,0.5
"705",5,5,"15_0.5",0.277332626666667,15,0.5
"706",6,6,"15_0.5",0.27167356,15,0.5
"707",7,7,"15_0.5",0.26622878,15,0.5
"708",8,8,"15_0.5",0.260879453333333,15,0.5
"709",9,9,"15_0.5",0.255445144444444,15,0.5
"710",10,10,"15_0.5",0.250249697777778,15,0.5
"711",11,11,"15_0.5",0.245194417777778,15,0.5
"712",12,12,"15_0.5",0.24015626,15,0.5
"713",13,13,"15_0.5",0.235103817777778,15,0.5
"714",14,14,"15_0.5",0.23038172,15,0.5
"715",15,15,"15_0.5",0.225704735555556,15,0.5
"716",16,16,"15_0.5",0.221163304444444,15,0.5
"717",17,17,"15_0.5",0.216631895555556,15,0.5
"718",18,18,"15_0.5",0.21224144,15,0.5
"719",19,19,"15_0.5",0.207911728888889,15,0.5
"720",20,20,"15_0.5",0.203520588888889,15,0.5
"721",21,21,"15_0.5",0.199431091111111,15,0.5
"722",22,22,"15_0.5",0.195347122222222,15,0.5
"723",23,23,"15_0.5",0.191336571111111,15,0.5
"724",24,24,"15_0.5",0.18747002,15,0.5
"725",25,25,"15_0.5",0.1836563,15,0.5
"726",26,26,"15_0.5",0.180035246666667,15,0.5
"727",27,27,"15_0.5",0.176347162222222,15,0.5
"728",28,28,"15_0.5",0.172706584444444,15,0.5
"729",29,29,"15_0.5",0.169201902222222,15,0.5
"730",30,30,"15_0.5",0.165802986666667,15,0.5
"731",31,31,"15_0.5",0.162399066666667,15,0.5
"732",32,32,"15_0.5",0.159084813333333,15,0.5
"733",33,33,"15_0.5",0.155900522222222,15,0.5
"734",34,34,"15_0.5",0.152756693333333,15,0.5
"735",35,35,"15_0.5",0.149685006666667,15,0.5
"736",36,36,"15_0.5",0.146695471111111,15,0.5
"737",37,37,"15_0.5",0.143723742222222,15,0.5
"738",38,38,"15_0.5",0.140784273333333,15,0.5
"739",39,39,"15_0.5",0.137958333333333,15,0.5
"740",40,40,"15_0.5",0.135176944444444,15,0.5
"741",41,41,"15_0.5",0.132415904444444,15,0.5
"742",42,42,"15_0.5",0.1297928,15,0.5
"743",43,43,"15_0.5",0.127208286666667,15,0.5
"744",44,44,"15_0.5",0.124599637777778,15,0.5
"745",45,45,"15_0.5",0.12207498,15,0.5
"746",46,46,"15_0.5",0.119547893333333,15,0.5
"747",47,47,"15_0.5",0.117185333333333,15,0.5
"748",48,48,"15_0.5",0.11485114,15,0.5
"749",49,49,"15_0.5",0.112500084444444,15,0.5
"750",50,50,"15_0.5",0.11017598,15,0.5
"751",51,51,"15_0.5",0.107924466666667,15,0.5
"752",52,52,"15_0.5",0.105665686666667,15,0.5
"753",53,53,"15_0.5",0.103593171111111,15,0.5
"754",54,54,"15_0.5",0.101520848888889,15,0.5
"755",55,55,"15_0.5",0.0995492666666667,15,0.5
"756",56,56,"15_0.5",0.0975752622222222,15,0.5
"757",57,57,"15_0.5",0.0955732955555555,15,0.5
"758",58,58,"15_0.5",0.0936095666666667,15,0.5
"759",59,59,"15_0.5",0.0917159711111111,15,0.5
"760",60,60,"15_0.5",0.0898572466666667,15,0.5
"761",61,61,"15_0.5",0.0879714666666667,15,0.5
"762",62,62,"15_0.5",0.0861500222222222,15,0.5
"763",63,63,"15_0.5",0.0843855377777778,15,0.5
"764",64,64,"15_0.5",0.0826237311111111,15,0.5
"765",65,65,"15_0.5",0.0809135444444444,15,0.5
"766",66,66,"15_0.5",0.0792447222222222,15,0.5
"767",67,67,"15_0.5",0.0775988955555555,15,0.5
"768",68,68,"15_0.5",0.0760710622222222,15,0.5
"769",69,69,"15_0.5",0.0745305933333333,15,0.5
"770",70,70,"15_0.5",0.07303344,15,0.5
"771",71,71,"15_0.5",0.0715288466666667,15,0.5
"772",72,72,"15_0.5",0.0700921066666667,15,0.5
"773",73,73,"15_0.5",0.0686367844444444,15,0.5
"774",74,74,"15_0.5",0.0672295555555556,15,0.5
"775",75,75,"15_0.5",0.0658557155555556,15,0.5
"776",76,76,"15_0.5",0.0645204111111111,15,0.5
"777",77,77,"15_0.5",0.0632042911111111,15,0.5
"778",78,78,"15_0.5",0.0619050911111111,15,0.5
"779",79,79,"15_0.5",0.0606351577777778,15,0.5
"780",80,80,"15_0.5",0.0594136488888889,15,0.5
"781",81,81,"15_0.5",0.0582388377777778,15,0.5
"782",82,82,"15_0.5",0.0570157666666667,15,0.5
"783",83,83,"15_0.5",0.0558365555555555,15,0.5
"784",84,84,"15_0.5",0.0547407933333333,15,0.5
"785",85,85,"15_0.5",0.0536260644444444,15,0.5
"786",86,86,"15_0.5",0.0525036377777778,15,0.5
"787",87,87,"15_0.5",0.0514365888888889,15,0.5
"788",88,88,"15_0.5",0.05035468,15,0.5
"789",89,89,"15_0.5",0.0493610888888889,15,0.5
"790",90,90,"15_0.5",0.0483583288888889,15,0.5
"791",91,91,"15_0.5",0.0473631155555556,15,0.5
"792",92,92,"15_0.5",0.0463571911111111,15,0.5
"793",93,93,"15_0.5",0.04543204,15,0.5
"794",94,94,"15_0.5",0.04448786,15,0.5
"795",95,95,"15_0.5",0.0436248933333333,15,0.5
"796",96,96,"15_0.5",0.0427651244444444,15,0.5
"797",97,97,"15_0.5",0.0418932044444444,15,0.5
"798",98,98,"15_0.5",0.04101224,15,0.5
"799",99,99,"15_0.5",0.0401466133333333,15,0.5
"800",100,100,"15_0.5",0.0393307577777778,15,0.5
"801",1,1,"15_0.75",0.302038322222222,15,0.75
"802",2,2,"15_0.75",0.294627491111111,15,0.75
"803",3,3,"15_0.75",0.287566746666667,15,0.75
"804",4,4,"15_0.75",0.280758193333333,15,0.75
"805",5,5,"15_0.75",0.273949862222222,15,0.75
"806",6,6,"15_0.75",0.267536897777778,15,0.75
"807",7,7,"15_0.75",0.261084408888889,15,0.75
"808",8,8,"15_0.75",0.254896926666667,15,0.75
"809",9,9,"15_0.75",0.248797448888889,15,0.75
"810",10,10,"15_0.75",0.242786588888889,15,0.75
"811",11,11,"15_0.75",0.236904984444444,15,0.75
"812",12,12,"15_0.75",0.231357031111111,15,0.75
"813",13,13,"15_0.75",0.225807188888889,15,0.75
"814",14,14,"15_0.75",0.220369337777778,15,0.75
"815",15,15,"15_0.75",0.215026633333333,15,0.75
"816",16,16,"15_0.75",0.209873953333333,15,0.75
"817",17,17,"15_0.75",0.204832582222222,15,0.75
"818",18,18,"15_0.75",0.199973666666667,15,0.75
"819",19,19,"15_0.75",0.195196728888889,15,0.75
"820",20,20,"15_0.75",0.190557077777778,15,0.75
"821",21,21,"15_0.75",0.185963675555556,15,0.75
"822",22,22,"15_0.75",0.181547942222222,15,0.75
"823",23,23,"15_0.75",0.177211831111111,15,0.75
"824",24,24,"15_0.75",0.173033082222222,15,0.75
"825",25,25,"15_0.75",0.168938468888889,15,0.75
"826",26,26,"15_0.75",0.164935655555556,15,0.75
"827",27,27,"15_0.75",0.160959151111111,15,0.75
"828",28,28,"15_0.75",0.157096135555556,15,0.75
"829",29,29,"15_0.75",0.153384428888889,15,0.75
"830",30,30,"15_0.75",0.149708864444444,15,0.75
"831",31,31,"15_0.75",0.146055313333333,15,0.75
"832",32,32,"15_0.75",0.142515673333333,15,0.75
"833",33,33,"15_0.75",0.139041817777778,15,0.75
"834",34,34,"15_0.75",0.135751708888889,15,0.75
"835",35,35,"15_0.75",0.132558086666667,15,0.75
"836",36,36,"15_0.75",0.129438088888889,15,0.75
"837",37,37,"15_0.75",0.126350077777778,15,0.75
"838",38,38,"15_0.75",0.123280548888889,15,0.75
"839",39,39,"15_0.75",0.120277857777778,15,0.75
"840",40,40,"15_0.75",0.117422233333333,15,0.75
"841",41,41,"15_0.75",0.114595488888889,15,0.75
"842",42,42,"15_0.75",0.111805482222222,15,0.75
"843",43,43,"15_0.75",0.109088848888889,15,0.75
"844",44,44,"15_0.75",0.106459328888889,15,0.75
"845",45,45,"15_0.75",0.10393642,15,0.75
"846",46,46,"15_0.75",0.101483831111111,15,0.75
"847",47,47,"15_0.75",0.0990411866666667,15,0.75
"848",48,48,"15_0.75",0.0965928688888889,15,0.75
"849",49,49,"15_0.75",0.0942538711111111,15,0.75
"850",50,50,"15_0.75",0.0920059266666667,15,0.75
"851",51,51,"15_0.75",0.0897160888888889,15,0.75
"852",52,52,"15_0.75",0.0875353133333333,15,0.75
"853",53,53,"15_0.75",0.0854605911111111,15,0.75
"854",54,54,"15_0.75",0.0834035222222222,15,0.75
"855",55,55,"15_0.75",0.0813780888888889,15,0.75
"856",56,56,"15_0.75",0.0794465088888889,15,0.75
"857",57,57,"15_0.75",0.0775909133333333,15,0.75
"858",58,58,"15_0.75",0.07573242,15,0.75
"859",59,59,"15_0.75",0.0738793688888889,15,0.75
"860",60,60,"15_0.75",0.07211218,15,0.75
"861",61,61,"15_0.75",0.0704170311111111,15,0.75
"862",62,62,"15_0.75",0.0687496733333333,15,0.75
"863",63,63,"15_0.75",0.0671183244444444,15,0.75
"864",64,64,"15_0.75",0.0654939088888889,15,0.75
"865",65,65,"15_0.75",0.0638758533333333,15,0.75
"866",66,66,"15_0.75",0.0623469688888889,15,0.75
"867",67,67,"15_0.75",0.0608296688888889,15,0.75
"868",68,68,"15_0.75",0.0593934444444444,15,0.75
"869",69,69,"15_0.75",0.0579674133333333,15,0.75
"870",70,70,"15_0.75",0.0565757066666667,15,0.75
"871",71,71,"15_0.75",0.0551623111111111,15,0.75
"872",72,72,"15_0.75",0.05381864,15,0.75
"873",73,73,"15_0.75",0.0525215422222222,15,0.75
"874",74,74,"15_0.75",0.0513117355555556,15,0.75
"875",75,75,"15_0.75",0.0500903866666667,15,0.75
"876",76,76,"15_0.75",0.0488987288888889,15,0.75
"877",77,77,"15_0.75",0.0477271777777778,15,0.75
"878",78,78,"15_0.75",0.0465803022222222,15,0.75
"879",79,79,"15_0.75",0.04549884,15,0.75
"880",80,80,"15_0.75",0.0443601977777778,15,0.75
"881",81,81,"15_0.75",0.0433129911111111,15,0.75
"882",82,82,"15_0.75",0.0422956977777778,15,0.75
"883",83,83,"15_0.75",0.0412603244444444,15,0.75
"884",84,84,"15_0.75",0.0402505022222222,15,0.75
"885",85,85,"15_0.75",0.03932156,15,0.75
"886",86,86,"15_0.75",0.0383898133333333,15,0.75
"887",87,87,"15_0.75",0.0374524733333333,15,0.75
"888",88,88,"15_0.75",0.0365590155555556,15,0.75
"889",89,89,"15_0.75",0.0356574066666667,15,0.75
"890",90,90,"15_0.75",0.0348334244444444,15,0.75
"891",91,91,"15_0.75",0.0339888911111111,15,0.75
"892",92,92,"15_0.75",0.0331540777777778,15,0.75
"893",93,93,"15_0.75",0.0323602044444444,15,0.75
"894",94,94,"15_0.75",0.0315964733333333,15,0.75
"895",95,95,"15_0.75",0.0308604133333333,15,0.75
"896",96,96,"15_0.75",0.0301267311111111,15,0.75
"897",97,97,"15_0.75",0.0293834777777778,15,0.75
"898",98,98,"15_0.75",0.0286992977777778,15,0.75
"899",99,99,"15_0.75",0.0280137,15,0.75
"900",100,100,"15_0.75",0.0273532222222222,15,0.75
"901",1,1,"15_1",0.301902553333333,15,1
"902",2,2,"15_1",0.294468637777778,15,1
"903",3,3,"15_1",0.286853444444444,15,1
"904",4,4,"15_1",0.279523424444444,15,1
"905",5,5,"15_1",0.27238796,15,1
"906",6,6,"15_1",0.265368924444444,15,1
"907",7,7,"15_1",0.2586343,15,1
"908",8,8,"15_1",0.25199102,15,1
"909",9,9,"15_1",0.245664977777778,15,1
"910",10,10,"15_1",0.239327268888889,15,1
"911",11,11,"15_1",0.233114422222222,15,1
"912",12,12,"15_1",0.227124975555556,15,1
"913",13,13,"15_1",0.22130348,15,1
"914",14,14,"15_1",0.215661831111111,15,1
"915",15,15,"15_1",0.210191786666667,15,1
"916",16,16,"15_1",0.204864417777778,15,1
"917",17,17,"15_1",0.199560517777778,15,1
"918",18,18,"15_1",0.194501106666667,15,1
"919",19,19,"15_1",0.189568891111111,15,1
"920",20,20,"15_1",0.184790748888889,15,1
"921",21,21,"15_1",0.180055255555556,15,1
"922",22,22,"15_1",0.175367864444444,15,1
"923",23,23,"15_1",0.170955602222222,15,1
"924",24,24,"15_1",0.166714637777778,15,1
"925",25,25,"15_1",0.162325006666667,15,1
"926",26,26,"15_1",0.158237468888889,15,1
"927",27,27,"15_1",0.1543169,15,1
"928",28,28,"15_1",0.150399273333333,15,1
"929",29,29,"15_1",0.146564633333333,15,1
"930",30,30,"15_1",0.142817855555556,15,1
"931",31,31,"15_1",0.139216211111111,15,1
"932",32,32,"15_1",0.135617646666667,15,1
"933",33,33,"15_1",0.132126311111111,15,1
"934",34,34,"15_1",0.128771408888889,15,1
"935",35,35,"15_1",0.125458731111111,15,1
"936",36,36,"15_1",0.122233791111111,15,1
"937",37,37,"15_1",0.119111977777778,15,1
"938",38,38,"15_1",0.116050255555556,15,1
"939",39,39,"15_1",0.113060857777778,15,1
"940",40,40,"15_1",0.110250355555556,15,1
"941",41,41,"15_1",0.107397108888889,15,1
"942",42,42,"15_1",0.104704742222222,15,1
"943",43,43,"15_1",0.10205118,15,1
"944",44,44,"15_1",0.0994746688888889,15,1
"945",45,45,"15_1",0.0968625222222222,15,1
"946",46,46,"15_1",0.0943847777777778,15,1
"947",47,47,"15_1",0.0919836355555556,15,1
"948",48,48,"15_1",0.0896238711111111,15,1
"949",49,49,"15_1",0.0873208266666667,15,1
"950",50,50,"15_1",0.0851056911111111,15,1
"951",51,51,"15_1",0.0829354288888889,15,1
"952",52,52,"15_1",0.0808021088888889,15,1
"953",53,53,"15_1",0.0788360466666667,15,1
"954",54,54,"15_1",0.0768468,15,1
"955",55,55,"15_1",0.0749098088888889,15,1
"956",56,56,"15_1",0.0729885466666667,15,1
"957",57,57,"15_1",0.0711351511111111,15,1
"958",58,58,"15_1",0.0693417466666667,15,1
"959",59,59,"15_1",0.0675847666666667,15,1
"960",60,60,"15_1",0.0658383311111111,15,1
"961",61,61,"15_1",0.0641469822222222,15,1
"962",62,62,"15_1",0.0624952711111111,15,1
"963",63,63,"15_1",0.0609182755555555,15,1
"964",64,64,"15_1",0.0593440888888889,15,1
"965",65,65,"15_1",0.0578443555555556,15,1
"966",66,66,"15_1",0.0563857266666667,15,1
"967",67,67,"15_1",0.0549199577777778,15,1
"968",68,68,"15_1",0.0535228688888889,15,1
"969",69,69,"15_1",0.0521944177777778,15,1
"970",70,70,"15_1",0.0508577933333333,15,1
"971",71,71,"15_1",0.0495831155555556,15,1
"972",72,72,"15_1",0.0482724022222222,15,1
"973",73,73,"15_1",0.0470623644444444,15,1
"974",74,74,"15_1",0.0458550311111111,15,1
"975",75,75,"15_1",0.0446835288888889,15,1
"976",76,76,"15_1",0.04354328,15,1
"977",77,77,"15_1",0.0424626622222222,15,1
"978",78,78,"15_1",0.04136436,15,1
"979",79,79,"15_1",0.0403098955555556,15,1
"980",80,80,"15_1",0.0392600333333333,15,1
"981",81,81,"15_1",0.0382769066666667,15,1
"982",82,82,"15_1",0.0373441422222222,15,1
"983",83,83,"15_1",0.0363757888888889,15,1
"984",84,84,"15_1",0.0354482333333333,15,1
"985",85,85,"15_1",0.0345351133333333,15,1
"986",86,86,"15_1",0.0336753555555556,15,1
"987",87,87,"15_1",0.0328185288888889,15,1
"988",88,88,"15_1",0.0319561222222222,15,1
"989",89,89,"15_1",0.0311299511111111,15,1
"990",90,90,"15_1",0.0303345977777778,15,1
"991",91,91,"15_1",0.02953844,15,1
"992",92,92,"15_1",0.0287736911111111,15,1
"993",93,93,"15_1",0.0280146066666667,15,1
"994",94,94,"15_1",0.0272932555555556,15,1
"995",95,95,"15_1",0.0265802333333333,15,1
"996",96,96,"15_1",0.0259127088888889,15,1
"997",97,97,"15_1",0.0252518511111111,15,1
"998",98,98,"15_1",0.0246164,15,1
"999",99,99,"15_1",0.0239598577777778,15,1
"1000",100,100,"15_1",0.0233705288888889,15,1
"1001",1,1,"20_0",0.30476379125,20,0
"1002",2,2,"20_0",0.3010782825,20,0
"1003",3,3,"20_0",0.29929367625,20,0
"1004",4,4,"20_0",0.2983256325,20,0
"1005",5,5,"20_0",0.2978963825,20,0
"1006",6,6,"20_0",0.2976544625,20,0
"1007",7,7,"20_0",0.29754517875,20,0
"1008",8,8,"20_0",0.29748341625,20,0
"1009",9,9,"20_0",0.2974492,20,0
"1010",10,10,"20_0",0.29743181375,20,0
"1011",11,11,"20_0",0.29742192125,20,0
"1012",12,12,"20_0",0.29741924375,20,0
"1013",13,13,"20_0",0.29741719875,20,0
"1014",14,14,"20_0",0.2974173325,20,0
"1015",15,15,"20_0",0.29741691875,20,0
"1016",16,16,"20_0",0.29741696125,20,0
"1017",17,17,"20_0",0.29741731,20,0
"1018",18,18,"20_0",0.29741714125,20,0
"1019",19,19,"20_0",0.2974170125,20,0
"1020",20,20,"20_0",0.29741696625,20,0
"1021",21,21,"20_0",0.29741691125,20,0
"1022",22,22,"20_0",0.29741691125,20,0
"1023",23,23,"20_0",0.29741691875,20,0
"1024",24,24,"20_0",0.29741691875,20,0
"1025",25,25,"20_0",0.29741689,20,0
"1026",26,26,"20_0",0.29741689,20,0
"1027",27,27,"20_0",0.29741689,20,0
"1028",28,28,"20_0",0.29741689,20,0
"1029",29,29,"20_0",0.29741689,20,0
"1030",30,30,"20_0",0.29741689,20,0
"1031",31,31,"20_0",0.29741689,20,0
"1032",32,32,"20_0",0.29741689,20,0
"1033",33,33,"20_0",0.29741689,20,0
"1034",34,34,"20_0",0.29741689,20,0
"1035",35,35,"20_0",0.29741689,20,0
"1036",36,36,"20_0",0.29741689,20,0
"1037",37,37,"20_0",0.29741689,20,0
"1038",38,38,"20_0",0.29741689,20,0
"1039",39,39,"20_0",0.29741689,20,0
"1040",40,40,"20_0",0.29741689,20,0
"1041",41,41,"20_0",0.29741689,20,0
"1042",42,42,"20_0",0.29741689,20,0
"1043",43,43,"20_0",0.29741689,20,0
"1044",44,44,"20_0",0.29741689,20,0
"1045",45,45,"20_0",0.29741689,20,0
"1046",46,46,"20_0",0.29741689,20,0
"1047",47,47,"20_0",0.29741689,20,0
"1048",48,48,"20_0",0.29741689,20,0
"1049",49,49,"20_0",0.29741689,20,0
"1050",50,50,"20_0",0.29741689,20,0
"1051",51,51,"20_0",0.29741689,20,0
"1052",52,52,"20_0",0.29741689,20,0
"1053",53,53,"20_0",0.29741689,20,0
"1054",54,54,"20_0",0.29741689,20,0
"1055",55,55,"20_0",0.29741689,20,0
"1056",56,56,"20_0",0.29741689,20,0
"1057",57,57,"20_0",0.29741689,20,0
"1058",58,58,"20_0",0.29741689,20,0
"1059",59,59,"20_0",0.29741689,20,0
"1060",60,60,"20_0",0.29741689,20,0
"1061",61,61,"20_0",0.29741689,20,0
"1062",62,62,"20_0",0.29741689,20,0
"1063",63,63,"20_0",0.29741689,20,0
"1064",64,64,"20_0",0.29741689,20,0
"1065",65,65,"20_0",0.29741689,20,0
"1066",66,66,"20_0",0.29741689,20,0
"1067",67,67,"20_0",0.29741689,20,0
"1068",68,68,"20_0",0.29741689,20,0
"1069",69,69,"20_0",0.29741689,20,0
"1070",70,70,"20_0",0.29741689,20,0
"1071",71,71,"20_0",0.29741689,20,0
"1072",72,72,"20_0",0.29741689,20,0
"1073",73,73,"20_0",0.29741689,20,0
"1074",74,74,"20_0",0.29741689,20,0
"1075",75,75,"20_0",0.29741689,20,0
"1076",76,76,"20_0",0.29741689,20,0
"1077",77,77,"20_0",0.29741689,20,0
"1078",78,78,"20_0",0.29741689,20,0
"1079",79,79,"20_0",0.29741689,20,0
"1080",80,80,"20_0",0.29741689,20,0
"1081",81,81,"20_0",0.29741689,20,0
"1082",82,82,"20_0",0.29741689,20,0
"1083",83,83,"20_0",0.29741689,20,0
"1084",84,84,"20_0",0.29741689,20,0
"1085",85,85,"20_0",0.29741689,20,0
"1086",86,86,"20_0",0.29741689,20,0
"1087",87,87,"20_0",0.29741689,20,0
"1088",88,88,"20_0",0.29741689,20,0
"1089",89,89,"20_0",0.29741689,20,0
"1090",90,90,"20_0",0.29741689,20,0
"1091",91,91,"20_0",0.29741689,20,0
"1092",92,92,"20_0",0.29741689,20,0
"1093",93,93,"20_0",0.29741689,20,0
"1094",94,94,"20_0",0.29741689,20,0
"1095",95,95,"20_0",0.29741689,20,0
"1096",96,96,"20_0",0.29741689,20,0
"1097",97,97,"20_0",0.29741689,20,0
"1098",98,98,"20_0",0.29741689,20,0
"1099",99,99,"20_0",0.29741689,20,0
"1100",100,100,"20_0",0.29741689,20,0
"1101",1,1,"20_0.25",0.30471324625,20,0.25
"1102",2,2,"20_0.25",0.30017173,20,0.25
"1103",3,3,"20_0.25",0.296615225,20,0.25
"1104",4,4,"20_0.25",0.29350667625,20,0.25
"1105",5,5,"20_0.25",0.290515845,20,0.25
"1106",6,6,"20_0.25",0.28770430125,20,0.25
"1107",7,7,"20_0.25",0.28489958375,20,0.25
"1108",8,8,"20_0.25",0.28208494875,20,0.25
"1109",9,9,"20_0.25",0.27926156625,20,0.25
"1110",10,10,"20_0.25",0.276450305,20,0.25
"1111",11,11,"20_0.25",0.27373068375,20,0.25
"1112",12,12,"20_0.25",0.271072515,20,0.25
"1113",13,13,"20_0.25",0.26848213625,20,0.25
"1114",14,14,"20_0.25",0.2658985975,20,0.25
"1115",15,15,"20_0.25",0.2632462025,20,0.25
"1116",16,16,"20_0.25",0.26068319625,20,0.25
"1117",17,17,"20_0.25",0.25809098,20,0.25
"1118",18,18,"20_0.25",0.25548286875,20,0.25
"1119",19,19,"20_0.25",0.25301027625,20,0.25
"1120",20,20,"20_0.25",0.25052554125,20,0.25
"1121",21,21,"20_0.25",0.248070795,20,0.25
"1122",22,22,"20_0.25",0.2457060175,20,0.25
"1123",23,23,"20_0.25",0.2433286025,20,0.25
"1124",24,24,"20_0.25",0.2409509875,20,0.25
"1125",25,25,"20_0.25",0.23864399375,20,0.25
"1126",26,26,"20_0.25",0.236330655,20,0.25
"1127",27,27,"20_0.25",0.23410716375,20,0.25
"1128",28,28,"20_0.25",0.231826425,20,0.25
"1129",29,29,"20_0.25",0.22953637125,20,0.25
"1130",30,30,"20_0.25",0.2272986925,20,0.25
"1131",31,31,"20_0.25",0.225113865,20,0.25
"1132",32,32,"20_0.25",0.22296995875,20,0.25
"1133",33,33,"20_0.25",0.2207910225,20,0.25
"1134",34,34,"20_0.25",0.21858295125,20,0.25
"1135",35,35,"20_0.25",0.2164271225,20,0.25
"1136",36,36,"20_0.25",0.214236495,20,0.25
"1137",37,37,"20_0.25",0.21210236625,20,0.25
"1138",38,38,"20_0.25",0.21007691625,20,0.25
"1139",39,39,"20_0.25",0.20805227,20,0.25
"1140",40,40,"20_0.25",0.20612857375,20,0.25
"1141",41,41,"20_0.25",0.20408202375,20,0.25
"1142",42,42,"20_0.25",0.20208154625,20,0.25
"1143",43,43,"20_0.25",0.200177705,20,0.25
"1144",44,44,"20_0.25",0.19826977,20,0.25
"1145",45,45,"20_0.25",0.196363865,20,0.25
"1146",46,46,"20_0.25",0.19442224375,20,0.25
"1147",47,47,"20_0.25",0.19255818375,20,0.25
"1148",48,48,"20_0.25",0.19063310125,20,0.25
"1149",49,49,"20_0.25",0.18878930875,20,0.25
"1150",50,50,"20_0.25",0.1869521275,20,0.25
"1151",51,51,"20_0.25",0.18515143,20,0.25
"1152",52,52,"20_0.25",0.18331891125,20,0.25
"1153",53,53,"20_0.25",0.1815838925,20,0.25
"1154",54,54,"20_0.25",0.17975926875,20,0.25
"1155",55,55,"20_0.25",0.177946275,20,0.25
"1156",56,56,"20_0.25",0.1761503875,20,0.25
"1157",57,57,"20_0.25",0.1744610425,20,0.25
"1158",58,58,"20_0.25",0.17266950875,20,0.25
"1159",59,59,"20_0.25",0.17097092375,20,0.25
"1160",60,60,"20_0.25",0.16933443375,20,0.25
"1161",61,61,"20_0.25",0.16769361625,20,0.25
"1162",62,62,"20_0.25",0.1659867075,20,0.25
"1163",63,63,"20_0.25",0.164408055,20,0.25
"1164",64,64,"20_0.25",0.16284639125,20,0.25
"1165",65,65,"20_0.25",0.1612602825,20,0.25
"1166",66,66,"20_0.25",0.15968487625,20,0.25
"1167",67,67,"20_0.25",0.15813448375,20,0.25
"1168",68,68,"20_0.25",0.15660749625,20,0.25
"1169",69,69,"20_0.25",0.15506246625,20,0.25
"1170",70,70,"20_0.25",0.15352474875,20,0.25
"1171",71,71,"20_0.25",0.1520202125,20,0.25
"1172",72,72,"20_0.25",0.15063538125,20,0.25
"1173",73,73,"20_0.25",0.1491898125,20,0.25
"1174",74,74,"20_0.25",0.1477478575,20,0.25
"1175",75,75,"20_0.25",0.14630464625,20,0.25
"1176",76,76,"20_0.25",0.1449015425,20,0.25
"1177",77,77,"20_0.25",0.14345185375,20,0.25
"1178",78,78,"20_0.25",0.14201112625,20,0.25
"1179",79,79,"20_0.25",0.1406100025,20,0.25
"1180",80,80,"20_0.25",0.13924106,20,0.25
"1181",81,81,"20_0.25",0.13789020125,20,0.25
"1182",82,82,"20_0.25",0.13656306,20,0.25
"1183",83,83,"20_0.25",0.13520728625,20,0.25
"1184",84,84,"20_0.25",0.1338326075,20,0.25
"1185",85,85,"20_0.25",0.1324793125,20,0.25
"1186",86,86,"20_0.25",0.13119307375,20,0.25
"1187",87,87,"20_0.25",0.12987551125,20,0.25
"1188",88,88,"20_0.25",0.128613165,20,0.25
"1189",89,89,"20_0.25",0.12729787375,20,0.25
"1190",90,90,"20_0.25",0.12603261625,20,0.25
"1191",91,91,"20_0.25",0.12477290125,20,0.25
"1192",92,92,"20_0.25",0.12351804375,20,0.25
"1193",93,93,"20_0.25",0.12229237375,20,0.25
"1194",94,94,"20_0.25",0.12111268375,20,0.25
"1195",95,95,"20_0.25",0.11995287625,20,0.25
"1196",96,96,"20_0.25",0.1187598775,20,0.25
"1197",97,97,"20_0.25",0.1175951,20,0.25
"1198",98,98,"20_0.25",0.11645711125,20,0.25
"1199",99,99,"20_0.25",0.11533348375,20,0.25
"1200",100,100,"20_0.25",0.1142324075,20,0.25
"1201",1,1,"20_0.5",0.304764435,20,0.5
"1202",2,2,"20_0.5",0.29965930875,20,0.5
"1203",3,3,"20_0.5",0.2949467125,20,0.5
"1204",4,4,"20_0.5",0.29039931125,20,0.5
"1205",5,5,"20_0.5",0.28605493875,20,0.5
"1206",6,6,"20_0.5",0.28177616875,20,0.5
"1207",7,7,"20_0.5",0.27757885,20,0.5
"1208",8,8,"20_0.5",0.27341041125,20,0.5
"1209",9,9,"20_0.5",0.269263685,20,0.5
"1210",10,10,"20_0.5",0.26530278,20,0.5
"1211",11,11,"20_0.5",0.26124668125,20,0.5
"1212",12,12,"20_0.5",0.25740597625,20,0.5
"1213",13,13,"20_0.5",0.2535468725,20,0.5
"1214",14,14,"20_0.5",0.24962489875,20,0.5
"1215",15,15,"20_0.5",0.2458396175,20,0.5
"1216",16,16,"20_0.5",0.242072915,20,0.5
"1217",17,17,"20_0.5",0.2384385775,20,0.5
"1218",18,18,"20_0.5",0.234872725,20,0.5
"1219",19,19,"20_0.5",0.2312424325,20,0.5
"1220",20,20,"20_0.5",0.22780331625,20,0.5
"1221",21,21,"20_0.5",0.22431207375,20,0.5
"1222",22,22,"20_0.5",0.22092415625,20,0.5
"1223",23,23,"20_0.5",0.21747747625,20,0.5
"1224",24,24,"20_0.5",0.21417882875,20,0.5
"1225",25,25,"20_0.5",0.2109191125,20,0.5
"1226",26,26,"20_0.5",0.20770609875,20,0.5
"1227",27,27,"20_0.5",0.20457430875,20,0.5
"1228",28,28,"20_0.5",0.20151343625,20,0.5
"1229",29,29,"20_0.5",0.19857792625,20,0.5
"1230",30,30,"20_0.5",0.19560940625,20,0.5
"1231",31,31,"20_0.5",0.1926470725,20,0.5
"1232",32,32,"20_0.5",0.18963492375,20,0.5
"1233",33,33,"20_0.5",0.18681535875,20,0.5
"1234",34,34,"20_0.5",0.1838898775,20,0.5
"1235",35,35,"20_0.5",0.1811776425,20,0.5
"1236",36,36,"20_0.5",0.1784411425,20,0.5
"1237",37,37,"20_0.5",0.1757613125,20,0.5
"1238",38,38,"20_0.5",0.1731244575,20,0.5
"1239",39,39,"20_0.5",0.1704873425,20,0.5
"1240",40,40,"20_0.5",0.16785947,20,0.5
"1241",41,41,"20_0.5",0.1653362375,20,0.5
"1242",42,42,"20_0.5",0.16284309875,20,0.5
"1243",43,43,"20_0.5",0.16034297375,20,0.5
"1244",44,44,"20_0.5",0.15791214125,20,0.5
"1245",45,45,"20_0.5",0.1555087825,20,0.5
"1246",46,46,"20_0.5",0.153148615,20,0.5
"1247",47,47,"20_0.5",0.15079861375,20,0.5
"1248",48,48,"20_0.5",0.1485037875,20,0.5
"1249",49,49,"20_0.5",0.14631410125,20,0.5
"1250",50,50,"20_0.5",0.1441128775,20,0.5
"1251",51,51,"20_0.5",0.1419356325,20,0.5
"1252",52,52,"20_0.5",0.1397865775,20,0.5
"1253",53,53,"20_0.5",0.13769771625,20,0.5
"1254",54,54,"20_0.5",0.13564898875,20,0.5
"1255",55,55,"20_0.5",0.13361230375,20,0.5
"1256",56,56,"20_0.5",0.1315839975,20,0.5
"1257",57,57,"20_0.5",0.1296637,20,0.5
"1258",58,58,"20_0.5",0.1276824975,20,0.5
"1259",59,59,"20_0.5",0.1257374025,20,0.5
"1260",60,60,"20_0.5",0.12377409875,20,0.5
"1261",61,61,"20_0.5",0.12192348875,20,0.5
"1262",62,62,"20_0.5",0.1201109075,20,0.5
"1263",63,63,"20_0.5",0.11830226875,20,0.5
"1264",64,64,"20_0.5",0.116507565,20,0.5
"1265",65,65,"20_0.5",0.11474559125,20,0.5
"1266",66,66,"20_0.5",0.11305110625,20,0.5
"1267",67,67,"20_0.5",0.1113428575,20,0.5
"1268",68,68,"20_0.5",0.109682835,20,0.5
"1269",69,69,"20_0.5",0.1080641,20,0.5
"1270",70,70,"20_0.5",0.1064051425,20,0.5
"1271",71,71,"20_0.5",0.1048554625,20,0.5
"1272",72,72,"20_0.5",0.10328971125,20,0.5
"1273",73,73,"20_0.5",0.10176011625,20,0.5
"1274",74,74,"20_0.5",0.1002284775,20,0.5
"1275",75,75,"20_0.5",0.09868962125,20,0.5
"1276",76,76,"20_0.5",0.09714702375,20,0.5
"1277",77,77,"20_0.5",0.09569764375,20,0.5
"1278",78,78,"20_0.5",0.09430645,20,0.5
"1279",79,79,"20_0.5",0.09287703375,20,0.5
"1280",80,80,"20_0.5",0.09144744125,20,0.5
"1281",81,81,"20_0.5",0.09007108875,20,0.5
"1282",82,82,"20_0.5",0.08868799375,20,0.5
"1283",83,83,"20_0.5",0.0873271475,20,0.5
"1284",84,84,"20_0.5",0.08602448625,20,0.5
"1285",85,85,"20_0.5",0.084725425,20,0.5
"1286",86,86,"20_0.5",0.08348980375,20,0.5
"1287",87,87,"20_0.5",0.082241,20,0.5
"1288",88,88,"20_0.5",0.08105469375,20,0.5
"1289",89,89,"20_0.5",0.079772605,20,0.5
"1290",90,90,"20_0.5",0.07857121,20,0.5
"1291",91,91,"20_0.5",0.07737482375,20,0.5
"1292",92,92,"20_0.5",0.0762148525,20,0.5
"1293",93,93,"20_0.5",0.0750637175,20,0.5
"1294",94,94,"20_0.5",0.073923685,20,0.5
"1295",95,95,"20_0.5",0.07279964625,20,0.5
"1296",96,96,"20_0.5",0.07169460125,20,0.5
"1297",97,97,"20_0.5",0.0705839575,20,0.5
"1298",98,98,"20_0.5",0.06951721625,20,0.5
"1299",99,99,"20_0.5",0.06850507375,20,0.5
"1300",100,100,"20_0.5",0.067432835,20,0.5
"1301",1,1,"20_0.75",0.30483457625,20,0.75
"1302",2,2,"20_0.75",0.29928827,20,0.75
"1303",3,3,"20_0.75",0.2939226725,20,0.75
"1304",4,4,"20_0.75",0.288656935,20,0.75
"1305",5,5,"20_0.75",0.28345917125,20,0.75
"1306",6,6,"20_0.75",0.27838621375,20,0.75
"1307",7,7,"20_0.75",0.273349935,20,0.75
"1308",8,8,"20_0.75",0.2684387,20,0.75
"1309",9,9,"20_0.75",0.26365989125,20,0.75
"1310",10,10,"20_0.75",0.25898323125,20,0.75
"1311",11,11,"20_0.75",0.25443512375,20,0.75
"1312",12,12,"20_0.75",0.24998712375,20,0.75
"1313",13,13,"20_0.75",0.2456218775,20,0.75
"1314",14,14,"20_0.75",0.24121344625,20,0.75
"1315",15,15,"20_0.75",0.2368801925,20,0.75
"1316",16,16,"20_0.75",0.23270840875,20,0.75
"1317",17,17,"20_0.75",0.22854540875,20,0.75
"1318",18,18,"20_0.75",0.22444334375,20,0.75
"1319",19,19,"20_0.75",0.22038433125,20,0.75
"1320",20,20,"20_0.75",0.21649237625,20,0.75
"1321",21,21,"20_0.75",0.21259812375,20,0.75
"1322",22,22,"20_0.75",0.2088010225,20,0.75
"1323",23,23,"20_0.75",0.2050703675,20,0.75
"1324",24,24,"20_0.75",0.20134011375,20,0.75
"1325",25,25,"20_0.75",0.19783564375,20,0.75
"1326",26,26,"20_0.75",0.1943191125,20,0.75
"1327",27,27,"20_0.75",0.1909494,20,0.75
"1328",28,28,"20_0.75",0.18759396875,20,0.75
"1329",29,29,"20_0.75",0.184314875,20,0.75
"1330",30,30,"20_0.75",0.18113749375,20,0.75
"1331",31,31,"20_0.75",0.1779255925,20,0.75
"1332",32,32,"20_0.75",0.1748106625,20,0.75
"1333",33,33,"20_0.75",0.17164193125,20,0.75
"1334",34,34,"20_0.75",0.16849128375,20,0.75
"1335",35,35,"20_0.75",0.16547900875,20,0.75
"1336",36,36,"20_0.75",0.16256100625,20,0.75
"1337",37,37,"20_0.75",0.1596296775,20,0.75
"1338",38,38,"20_0.75",0.156762155,20,0.75
"1339",39,39,"20_0.75",0.15393896625,20,0.75
"1340",40,40,"20_0.75",0.15119051125,20,0.75
"1341",41,41,"20_0.75",0.14846957125,20,0.75
"1342",42,42,"20_0.75",0.145812965,20,0.75
"1343",43,43,"20_0.75",0.14321588625,20,0.75
"1344",44,44,"20_0.75",0.1405883825,20,0.75
"1345",45,45,"20_0.75",0.13809010125,20,0.75
"1346",46,46,"20_0.75",0.135608435,20,0.75
"1347",47,47,"20_0.75",0.13314942,20,0.75
"1348",48,48,"20_0.75",0.1307681225,20,0.75
"1349",49,49,"20_0.75",0.12843326625,20,0.75
"1350",50,50,"20_0.75",0.1261844975,20,0.75
"1351",51,51,"20_0.75",0.123925055,20,0.75
"1352",52,52,"20_0.75",0.12172986375,20,0.75
"1353",53,53,"20_0.75",0.11957355,20,0.75
"1354",54,54,"20_0.75",0.11746907625,20,0.75
"1355",55,55,"20_0.75",0.11538488,20,0.75
"1356",56,56,"20_0.75",0.1133453425,20,0.75
"1357",57,57,"20_0.75",0.11129478375,20,0.75
"1358",58,58,"20_0.75",0.10928890875,20,0.75
"1359",59,59,"20_0.75",0.10731287,20,0.75
"1360",60,60,"20_0.75",0.1054229125,20,0.75
"1361",61,61,"20_0.75",0.1035527125,20,0.75
"1362",62,62,"20_0.75",0.10167366125,20,0.75
"1363",63,63,"20_0.75",0.09984183625,20,0.75
"1364",64,64,"20_0.75",0.09807152625,20,0.75
"1365",65,65,"20_0.75",0.09634318375,20,0.75
"1366",66,66,"20_0.75",0.09465951,20,0.75
"1367",67,67,"20_0.75",0.09292406125,20,0.75
"1368",68,68,"20_0.75",0.0912621225,20,0.75
"1369",69,69,"20_0.75",0.0896185075,20,0.75
"1370",70,70,"20_0.75",0.0880021275,20,0.75
"1371",71,71,"20_0.75",0.0864309675,20,0.75
"1372",72,72,"20_0.75",0.084936335,20,0.75
"1373",73,73,"20_0.75",0.08343899125,20,0.75
"1374",74,74,"20_0.75",0.0819298825,20,0.75
"1375",75,75,"20_0.75",0.08041782125,20,0.75
"1376",76,76,"20_0.75",0.07898324,20,0.75
"1377",77,77,"20_0.75",0.07757919,20,0.75
"1378",78,78,"20_0.75",0.07619319625,20,0.75
"1379",79,79,"20_0.75",0.0748805,20,0.75
"1380",80,80,"20_0.75",0.0735995875,20,0.75
"1381",81,81,"20_0.75",0.07229846375,20,0.75
"1382",82,82,"20_0.75",0.07098305625,20,0.75
"1383",83,83,"20_0.75",0.069724215,20,0.75
"1384",84,84,"20_0.75",0.06847962,20,0.75
"1385",85,85,"20_0.75",0.067291455,20,0.75
"1386",86,86,"20_0.75",0.06607504,20,0.75
"1387",87,87,"20_0.75",0.06490472125,20,0.75
"1388",88,88,"20_0.75",0.06378033375,20,0.75
"1389",89,89,"20_0.75",0.0626215675,20,0.75
"1390",90,90,"20_0.75",0.061534745,20,0.75
"1391",91,91,"20_0.75",0.06040383,20,0.75
"1392",92,92,"20_0.75",0.05931306625,20,0.75
"1393",93,93,"20_0.75",0.05828097,20,0.75
"1394",94,94,"20_0.75",0.0572268925,20,0.75
"1395",95,95,"20_0.75",0.05622029125,20,0.75
"1396",96,96,"20_0.75",0.0551684025,20,0.75
"1397",97,97,"20_0.75",0.0541897125,20,0.75
"1398",98,98,"20_0.75",0.05321645625,20,0.75
"1399",99,99,"20_0.75",0.05224937625,20,0.75
"1400",100,100,"20_0.75",0.05131864125,20,0.75
"1401",1,1,"20_1",0.304827255,20,1
"1402",2,2,"20_1",0.29921037125,20,1
"1403",3,3,"20_1",0.29345039625,20,1
"1404",4,4,"20_1",0.28782551875,20,1
"1405",5,5,"20_1",0.28230751125,20,1
"1406",6,6,"20_1",0.27698815625,20,1
"1407",7,7,"20_1",0.27175782875,20,1
"1408",8,8,"20_1",0.26669801625,20,1
"1409",9,9,"20_1",0.26163378875,20,1
"1410",10,10,"20_1",0.25664186125,20,1
"1411",11,11,"20_1",0.2517640675,20,1
"1412",12,12,"20_1",0.24693889625,20,1
"1413",13,13,"20_1",0.242273215,20,1
"1414",14,14,"20_1",0.23771168,20,1
"1415",15,15,"20_1",0.23317793625,20,1
"1416",16,16,"20_1",0.2287403,20,1
"1417",17,17,"20_1",0.2243183825,20,1
"1418",18,18,"20_1",0.22009883125,20,1
"1419",19,19,"20_1",0.2159066275,20,1
"1420",20,20,"20_1",0.21183048875,20,1
"1421",21,21,"20_1",0.20782125375,20,1
"1422",22,22,"20_1",0.20379182875,20,1
"1423",23,23,"20_1",0.19991874625,20,1
"1424",24,24,"20_1",0.19607848625,20,1
"1425",25,25,"20_1",0.192397895,20,1
"1426",26,26,"20_1",0.1888545875,20,1
"1427",27,27,"20_1",0.18520218125,20,1
"1428",28,28,"20_1",0.18165425125,20,1
"1429",29,29,"20_1",0.17820263625,20,1
"1430",30,30,"20_1",0.17477443,20,1
"1431",31,31,"20_1",0.1714841825,20,1
"1432",32,32,"20_1",0.1681730425,20,1
"1433",33,33,"20_1",0.165038895,20,1
"1434",34,34,"20_1",0.1619691425,20,1
"1435",35,35,"20_1",0.15889138625,20,1
"1436",36,36,"20_1",0.15590418125,20,1
"1437",37,37,"20_1",0.1529389225,20,1
"1438",38,38,"20_1",0.1500033475,20,1
"1439",39,39,"20_1",0.147169465,20,1
"1440",40,40,"20_1",0.144388365,20,1
"1441",41,41,"20_1",0.1416546525,20,1
"1442",42,42,"20_1",0.138958975,20,1
"1443",43,43,"20_1",0.13638618875,20,1
"1444",44,44,"20_1",0.13386250125,20,1
"1445",45,45,"20_1",0.13123556125,20,1
"1446",46,46,"20_1",0.12871109625,20,1
"1447",47,47,"20_1",0.1262550975,20,1
"1448",48,48,"20_1",0.12379961,20,1
"1449",49,49,"20_1",0.121477,20,1
"1450",50,50,"20_1",0.1191139425,20,1
"1451",51,51,"20_1",0.1168784525,20,1
"1452",52,52,"20_1",0.1146748175,20,1
"1453",53,53,"20_1",0.1125228375,20,1
"1454",54,54,"20_1",0.11035339375,20,1
"1455",55,55,"20_1",0.1082260325,20,1
"1456",56,56,"20_1",0.106196845,20,1
"1457",57,57,"20_1",0.1041931975,20,1
"1458",58,58,"20_1",0.102164215,20,1
"1459",59,59,"20_1",0.10022703875,20,1
"1460",60,60,"20_1",0.09830119,20,1
"1461",61,61,"20_1",0.09643772375,20,1
"1462",62,62,"20_1",0.09465865125,20,1
"1463",63,63,"20_1",0.09283884375,20,1
"1464",64,64,"20_1",0.0910449925,20,1
"1465",65,65,"20_1",0.08932779625,20,1
"1466",66,66,"20_1",0.08759353625,20,1
"1467",67,67,"20_1",0.08598748875,20,1
"1468",68,68,"20_1",0.08440286,20,1
"1469",69,69,"20_1",0.0827741025,20,1
"1470",70,70,"20_1",0.08123462875,20,1
"1471",71,71,"20_1",0.07968654,20,1
"1472",72,72,"20_1",0.07814264625,20,1
"1473",73,73,"20_1",0.07671044375,20,1
"1474",74,74,"20_1",0.0752424475,20,1
"1475",75,75,"20_1",0.0737869825,20,1
"1476",76,76,"20_1",0.07239677375,20,1
"1477",77,77,"20_1",0.0710707025,20,1
"1478",78,78,"20_1",0.06970305375,20,1
"1479",79,79,"20_1",0.06838665125,20,1
"1480",80,80,"20_1",0.06704516,20,1
"1481",81,81,"20_1",0.06576353375,20,1
"1482",82,82,"20_1",0.06449369625,20,1
"1483",83,83,"20_1",0.0632900525,20,1
"1484",84,84,"20_1",0.062053895,20,1
"1485",85,85,"20_1",0.06088908125,20,1
"1486",86,86,"20_1",0.05972078625,20,1
"1487",87,87,"20_1",0.058557175,20,1
"1488",88,88,"20_1",0.0574517425,20,1
"1489",89,89,"20_1",0.05637217875,20,1
"1490",90,90,"20_1",0.05527681875,20,1
"1491",91,91,"20_1",0.05421612875,20,1
"1492",92,92,"20_1",0.05315570125,20,1
"1493",93,93,"20_1",0.05216411625,20,1
"1494",94,94,"20_1",0.051158155,20,1
"1495",95,95,"20_1",0.0501751475,20,1
"1496",96,96,"20_1",0.04919722125,20,1
"1497",97,97,"20_1",0.0482708375,20,1
"1498",98,98,"20_1",0.047338255,20,1
"1499",99,99,"20_1",0.046444695,20,1
"1500",100,100,"20_1",0.04555753375,20,1
"1501",1,1,"5_0",0.2798007,5,0
"1502",2,2,"5_0",0.26510368,5,0
"1503",3,3,"5_0",0.25776588,5,0
"1504",4,4,"5_0",0.2541195,5,0
"1505",5,5,"5_0",0.25223032,5,0
"1506",6,6,"5_0",0.25129076,5,0
"1507",7,7,"5_0",0.25081004,5,0
"1508",8,8,"5_0",0.2505804,5,0
"1509",9,9,"5_0",0.2504735,5,0
"1510",10,10,"5_0",0.25042202,5,0
"1511",11,11,"5_0",0.25039586,5,0
"1512",12,12,"5_0",0.25037938,5,0
"1513",13,13,"5_0",0.2503718,5,0
"1514",14,14,"5_0",0.25036916,5,0
"1515",15,15,"5_0",0.25036474,5,0
"1516",16,16,"5_0",0.25036548,5,0
"1517",17,17,"5_0",0.25036504,5,0
"1518",18,18,"5_0",0.25036478,5,0
"1519",19,19,"5_0",0.25036476,5,0
"1520",20,20,"5_0",0.25036476,5,0
"1521",21,21,"5_0",0.2503648,5,0
"1522",22,22,"5_0",0.2503648,5,0
"1523",23,23,"5_0",0.2503648,5,0
"1524",24,24,"5_0",0.2503648,5,0
"1525",25,25,"5_0",0.2503648,5,0
"1526",26,26,"5_0",0.2503648,5,0
"1527",27,27,"5_0",0.2503648,5,0
"1528",28,28,"5_0",0.2503648,5,0
"1529",29,29,"5_0",0.2503648,5,0
"1530",30,30,"5_0",0.2503648,5,0
"1531",31,31,"5_0",0.2503648,5,0
"1532",32,32,"5_0",0.2503648,5,0
"1533",33,33,"5_0",0.2503648,5,0
"1534",34,34,"5_0",0.2503648,5,0
"1535",35,35,"5_0",0.2503648,5,0
"1536",36,36,"5_0",0.2503648,5,0
"1537",37,37,"5_0",0.2503648,5,0
"1538",38,38,"5_0",0.2503648,5,0
"1539",39,39,"5_0",0.2503648,5,0
"1540",40,40,"5_0",0.2503648,5,0
"1541",41,41,"5_0",0.2503648,5,0
"1542",42,42,"5_0",0.2503648,5,0
"1543",43,43,"5_0",0.2503648,5,0
"1544",44,44,"5_0",0.2503648,5,0
"1545",45,45,"5_0",0.2503648,5,0
"1546",46,46,"5_0",0.2503648,5,0
"1547",47,47,"5_0",0.2503648,5,0
"1548",48,48,"5_0",0.2503648,5,0
"1549",49,49,"5_0",0.2503648,5,0
"1550",50,50,"5_0",0.2503648,5,0
"1551",51,51,"5_0",0.2503648,5,0
"1552",52,52,"5_0",0.2503648,5,0
"1553",53,53,"5_0",0.2503648,5,0
"1554",54,54,"5_0",0.2503648,5,0
"1555",55,55,"5_0",0.2503648,5,0
"1556",56,56,"5_0",0.2503648,5,0
"1557",57,57,"5_0",0.2503648,5,0
"1558",58,58,"5_0",0.2503648,5,0
"1559",59,59,"5_0",0.2503648,5,0
"1560",60,60,"5_0",0.2503648,5,0
"1561",61,61,"5_0",0.2503648,5,0
"1562",62,62,"5_0",0.2503648,5,0
"1563",63,63,"5_0",0.2503648,5,0
"1564",64,64,"5_0",0.2503648,5,0
"1565",65,65,"5_0",0.2503648,5,0
"1566",66,66,"5_0",0.2503648,5,0
"1567",67,67,"5_0",0.2503648,5,0
"1568",68,68,"5_0",0.2503648,5,0
"1569",69,69,"5_0",0.2503648,5,0
"1570",70,70,"5_0",0.2503648,5,0
"1571",71,71,"5_0",0.2503648,5,0
"1572",72,72,"5_0",0.2503648,5,0
"1573",73,73,"5_0",0.2503648,5,0
"1574",74,74,"5_0",0.2503648,5,0
"1575",75,75,"5_0",0.2503648,5,0
"1576",76,76,"5_0",0.2503648,5,0
"1577",77,77,"5_0",0.2503648,5,0
"1578",78,78,"5_0",0.2503648,5,0
"1579",79,79,"5_0",0.2503648,5,0
"1580",80,80,"5_0",0.2503648,5,0
"1581",81,81,"5_0",0.2503648,5,0
"1582",82,82,"5_0",0.2503648,5,0
"1583",83,83,"5_0",0.2503648,5,0
"1584",84,84,"5_0",0.2503648,5,0
"1585",85,85,"5_0",0.2503648,5,0
"1586",86,86,"5_0",0.2503648,5,0
"1587",87,87,"5_0",0.2503648,5,0
"1588",88,88,"5_0",0.2503648,5,0
"1589",89,89,"5_0",0.2503648,5,0
"1590",90,90,"5_0",0.2503648,5,0
"1591",91,91,"5_0",0.2503648,5,0
"1592",92,92,"5_0",0.2503648,5,0
"1593",93,93,"5_0",0.2503648,5,0
"1594",94,94,"5_0",0.2503648,5,0
"1595",95,95,"5_0",0.2503648,5,0
"1596",96,96,"5_0",0.2503648,5,0
"1597",97,97,"5_0",0.2503648,5,0
"1598",98,98,"5_0",0.2503648,5,0
"1599",99,99,"5_0",0.2503648,5,0
"1600",100,100,"5_0",0.2503648,5,0
"1601",1,1,"5_0.25",0.2798617,5,0.25
"1602",2,2,"5_0.25",0.26149302,5,0.25
"1603",3,3,"5_0.25",0.2474787,5,0.25
"1604",4,4,"5_0.25",0.2355467,5,0.25
"1605",5,5,"5_0.25",0.224558,5,0.25
"1606",6,6,"5_0.25",0.21454134,5,0.25
"1607",7,7,"5_0.25",0.20463354,5,0.25
"1608",8,8,"5_0.25",0.19503806,5,0.25
"1609",9,9,"5_0.25",0.18630566,5,0.25
"1610",10,10,"5_0.25",0.17792034,5,0.25
"1611",11,11,"5_0.25",0.16970856,5,0.25
"1612",12,12,"5_0.25",0.16203702,5,0.25
"1613",13,13,"5_0.25",0.15457592,5,0.25
"1614",14,14,"5_0.25",0.14745866,5,0.25
"1615",15,15,"5_0.25",0.14093486,5,0.25
"1616",16,16,"5_0.25",0.13465824,5,0.25
"1617",17,17,"5_0.25",0.12879596,5,0.25
"1618",18,18,"5_0.25",0.12268118,5,0.25
"1619",19,19,"5_0.25",0.1171396,5,0.25
"1620",20,20,"5_0.25",0.11201452,5,0.25
"1621",21,21,"5_0.25",0.106675,5,0.25
"1622",22,22,"5_0.25",0.10194652,5,0.25
"1623",23,23,"5_0.25",0.097503,5,0.25
"1624",24,24,"5_0.25",0.09292938,5,0.25
"1625",25,25,"5_0.25",0.0886592,5,0.25
"1626",26,26,"5_0.25",0.08461962,5,0.25
"1627",27,27,"5_0.25",0.08074566,5,0.25
"1628",28,28,"5_0.25",0.07706924,5,0.25
"1629",29,29,"5_0.25",0.07354758,5,0.25
"1630",30,30,"5_0.25",0.07011776,5,0.25
"1631",31,31,"5_0.25",0.06706244,5,0.25
"1632",32,32,"5_0.25",0.06409342,5,0.25
"1633",33,33,"5_0.25",0.06126838,5,0.25
"1634",34,34,"5_0.25",0.058531,5,0.25
"1635",35,35,"5_0.25",0.05581132,5,0.25
"1636",36,36,"5_0.25",0.05328042,5,0.25
"1637",37,37,"5_0.25",0.05074462,5,0.25
"1638",38,38,"5_0.25",0.04848864,5,0.25
"1639",39,39,"5_0.25",0.04641578,5,0.25
"1640",40,40,"5_0.25",0.04434732,5,0.25
"1641",41,41,"5_0.25",0.04232832,5,0.25
"1642",42,42,"5_0.25",0.04042762,5,0.25
"1643",43,43,"5_0.25",0.0386026,5,0.25
"1644",44,44,"5_0.25",0.03676326,5,0.25
"1645",45,45,"5_0.25",0.03512634,5,0.25
"1646",46,46,"5_0.25",0.0335616,5,0.25
"1647",47,47,"5_0.25",0.03212766,5,0.25
"1648",48,48,"5_0.25",0.03072452,5,0.25
"1649",49,49,"5_0.25",0.0293617,5,0.25
"1650",50,50,"5_0.25",0.02804768,5,0.25
"1651",51,51,"5_0.25",0.0268256,5,0.25
"1652",52,52,"5_0.25",0.02566796,5,0.25
"1653",53,53,"5_0.25",0.0245124,5,0.25
"1654",54,54,"5_0.25",0.02346118,5,0.25
"1655",55,55,"5_0.25",0.02235588,5,0.25
"1656",56,56,"5_0.25",0.02138188,5,0.25
"1657",57,57,"5_0.25",0.02039138,5,0.25
"1658",58,58,"5_0.25",0.01946044,5,0.25
"1659",59,59,"5_0.25",0.01851516,5,0.25
"1660",60,60,"5_0.25",0.01761322,5,0.25
"1661",61,61,"5_0.25",0.01682088,5,0.25
"1662",62,62,"5_0.25",0.01606264,5,0.25
"1663",63,63,"5_0.25",0.0153488,5,0.25
"1664",64,64,"5_0.25",0.0146615,5,0.25
"1665",65,65,"5_0.25",0.01402488,5,0.25
"1666",66,66,"5_0.25",0.01341084,5,0.25
"1667",67,67,"5_0.25",0.01280442,5,0.25
"1668",68,68,"5_0.25",0.012277,5,0.25
"1669",69,69,"5_0.25",0.01171506,5,0.25
"1670",70,70,"5_0.25",0.01119398,5,0.25
"1671",71,71,"5_0.25",0.0106721,5,0.25
"1672",72,72,"5_0.25",0.01015684,5,0.25
"1673",73,73,"5_0.25",0.00971288,5,0.25
"1674",74,74,"5_0.25",0.0092566,5,0.25
"1675",75,75,"5_0.25",0.00884672,5,0.25
"1676",76,76,"5_0.25",0.0084583,5,0.25
"1677",77,77,"5_0.25",0.00805608,5,0.25
"1678",78,78,"5_0.25",0.00770834,5,0.25
"1679",79,79,"5_0.25",0.00733294,5,0.25
"1680",80,80,"5_0.25",0.00701818,5,0.25
"1681",81,81,"5_0.25",0.00668566,5,0.25
"1682",82,82,"5_0.25",0.00636906,5,0.25
"1683",83,83,"5_0.25",0.0060606,5,0.25
"1684",84,84,"5_0.25",0.00576724,5,0.25
"1685",85,85,"5_0.25",0.00551596,5,0.25
"1686",86,86,"5_0.25",0.00526078,5,0.25
"1687",87,87,"5_0.25",0.0050008,5,0.25
"1688",88,88,"5_0.25",0.00478382,5,0.25
"1689",89,89,"5_0.25",0.00456656,5,0.25
"1690",90,90,"5_0.25",0.00435754,5,0.25
"1691",91,91,"5_0.25",0.00416634,5,0.25
"1692",92,92,"5_0.25",0.0039743,5,0.25
"1693",93,93,"5_0.25",0.00379696,5,0.25
"1694",94,94,"5_0.25",0.00359628,5,0.25
"1695",95,95,"5_0.25",0.0034357,5,0.25
"1696",96,96,"5_0.25",0.003281,5,0.25
"1697",97,97,"5_0.25",0.0031455,5,0.25
"1698",98,98,"5_0.25",0.00300992,5,0.25
"1699",99,99,"5_0.25",0.00286394,5,0.25
"1700",100,100,"5_0.25",0.00273914,5,0.25
"1701",1,1,"5_0.5",0.27991842,5,0.5
"1702",2,2,"5_0.5",0.25932246,5,0.5
"1703",3,3,"5_0.5",0.24138398,5,0.5
"1704",4,4,"5_0.5",0.2253615,5,0.5
"1705",5,5,"5_0.5",0.20989674,5,0.5
"1706",6,6,"5_0.5",0.19598672,5,0.5
"1707",7,7,"5_0.5",0.18251772,5,0.5
"1708",8,8,"5_0.5",0.17029146,5,0.5
"1709",9,9,"5_0.5",0.1588704,5,0.5
"1710",10,10,"5_0.5",0.14841282,5,0.5
"1711",11,11,"5_0.5",0.13826914,5,0.5
"1712",12,12,"5_0.5",0.12886188,5,0.5
"1713",13,13,"5_0.5",0.12028506,5,0.5
"1714",14,14,"5_0.5",0.11231994,5,0.5
"1715",15,15,"5_0.5",0.10459404,5,0.5
"1716",16,16,"5_0.5",0.09780434,5,0.5
"1717",17,17,"5_0.5",0.09121588,5,0.5
"1718",18,18,"5_0.5",0.08518314,5,0.5
"1719",19,19,"5_0.5",0.07964038,5,0.5
"1720",20,20,"5_0.5",0.07426322,5,0.5
"1721",21,21,"5_0.5",0.06928214,5,0.5
"1722",22,22,"5_0.5",0.06462932,5,0.5
"1723",23,23,"5_0.5",0.06037126,5,0.5
"1724",24,24,"5_0.5",0.05620986,5,0.5
"1725",25,25,"5_0.5",0.0523737,5,0.5
"1726",26,26,"5_0.5",0.04892872,5,0.5
"1727",27,27,"5_0.5",0.04570288,5,0.5
"1728",28,28,"5_0.5",0.04258896,5,0.5
"1729",29,29,"5_0.5",0.03973862,5,0.5
"1730",30,30,"5_0.5",0.03715064,5,0.5
"1731",31,31,"5_0.5",0.034723,5,0.5
"1732",32,32,"5_0.5",0.0323203,5,0.5
"1733",33,33,"5_0.5",0.03016648,5,0.5
"1734",34,34,"5_0.5",0.02816216,5,0.5
"1735",35,35,"5_0.5",0.02626272,5,0.5
"1736",36,36,"5_0.5",0.02450784,5,0.5
"1737",37,37,"5_0.5",0.02278218,5,0.5
"1738",38,38,"5_0.5",0.02124708,5,0.5
"1739",39,39,"5_0.5",0.01984614,5,0.5
"1740",40,40,"5_0.5",0.0184625,5,0.5
"1741",41,41,"5_0.5",0.01715778,5,0.5
"1742",42,42,"5_0.5",0.01599706,5,0.5
"1743",43,43,"5_0.5",0.01494062,5,0.5
"1744",44,44,"5_0.5",0.01397306,5,0.5
"1745",45,45,"5_0.5",0.01300484,5,0.5
"1746",46,46,"5_0.5",0.01208256,5,0.5
"1747",47,47,"5_0.5",0.01127422,5,0.5
"1748",48,48,"5_0.5",0.01052994,5,0.5
"1749",49,49,"5_0.5",0.00977606,5,0.5
"1750",50,50,"5_0.5",0.00909112,5,0.5
"1751",51,51,"5_0.5",0.00849162,5,0.5
"1752",52,52,"5_0.5",0.00791516,5,0.5
"1753",53,53,"5_0.5",0.00739802,5,0.5
"1754",54,54,"5_0.5",0.00691008,5,0.5
"1755",55,55,"5_0.5",0.00644534,5,0.5
"1756",56,56,"5_0.5",0.00603306,5,0.5
"1757",57,57,"5_0.5",0.00561808,5,0.5
"1758",58,58,"5_0.5",0.00523898,5,0.5
"1759",59,59,"5_0.5",0.0048906,5,0.5
"1760",60,60,"5_0.5",0.00455028,5,0.5
"1761",61,61,"5_0.5",0.00424974,5,0.5
"1762",62,62,"5_0.5",0.00396898,5,0.5
"1763",63,63,"5_0.5",0.00371066,5,0.5
"1764",64,64,"5_0.5",0.00345594,5,0.5
"1765",65,65,"5_0.5",0.00323684,5,0.5
"1766",66,66,"5_0.5",0.00301422,5,0.5
"1767",67,67,"5_0.5",0.0028158,5,0.5
"1768",68,68,"5_0.5",0.00263506,5,0.5
"1769",69,69,"5_0.5",0.00244888,5,0.5
"1770",70,70,"5_0.5",0.00226978,5,0.5
"1771",71,71,"5_0.5",0.0021024,5,0.5
"1772",72,72,"5_0.5",0.0019638,5,0.5
"1773",73,73,"5_0.5",0.00182944,5,0.5
"1774",74,74,"5_0.5",0.00171252,5,0.5
"1775",75,75,"5_0.5",0.00159844,5,0.5
"1776",76,76,"5_0.5",0.0014864,5,0.5
"1777",77,77,"5_0.5",0.0013954,5,0.5
"1778",78,78,"5_0.5",0.00130188,5,0.5
"1779",79,79,"5_0.5",0.0012072,5,0.5
"1780",80,80,"5_0.5",0.0011316,5,0.5
"1781",81,81,"5_0.5",0.00105324,5,0.5
"1782",82,82,"5_0.5",0.00097938,5,0.5
"1783",83,83,"5_0.5",0.0009145,5,0.5
"1784",84,84,"5_0.5",0.00085376,5,0.5
"1785",85,85,"5_0.5",0.00078942,5,0.5
"1786",86,86,"5_0.5",0.00073746,5,0.5
"1787",87,87,"5_0.5",0.00068694,5,0.5
"1788",88,88,"5_0.5",0.0006354,5,0.5
"1789",89,89,"5_0.5",0.00059024,5,0.5
"1790",90,90,"5_0.5",0.00054876,5,0.5
"1791",91,91,"5_0.5",0.00050874,5,0.5
"1792",92,92,"5_0.5",0.00047504,5,0.5
"1793",93,93,"5_0.5",0.00044508,5,0.5
"1794",94,94,"5_0.5",0.00041536,5,0.5
"1795",95,95,"5_0.5",0.00038524,5,0.5
"1796",96,96,"5_0.5",0.00036092,5,0.5
"1797",97,97,"5_0.5",0.00034186,5,0.5
"1798",98,98,"5_0.5",0.00031948,5,0.5
"1799",99,99,"5_0.5",0.00030344,5,0.5
"1800",100,100,"5_0.5",0.00028112,5,0.5
"1801",1,1,"5_0.75",0.27979868,5,0.75
"1802",2,2,"5_0.75",0.25859054,5,0.75
"1803",3,3,"5_0.75",0.23939072,5,0.75
"1804",4,4,"5_0.75",0.22088218,5,0.75
"1805",5,5,"5_0.75",0.20404766,5,0.75
"1806",6,6,"5_0.75",0.1886671,5,0.75
"1807",7,7,"5_0.75",0.17397842,5,0.75
"1808",8,8,"5_0.75",0.16065322,5,0.75
"1809",9,9,"5_0.75",0.14815978,5,0.75
"1810",10,10,"5_0.75",0.13690558,5,0.75
"1811",11,11,"5_0.75",0.12652556,5,0.75
"1812",12,12,"5_0.75",0.11691308,5,0.75
"1813",13,13,"5_0.75",0.10813298,5,0.75
"1814",14,14,"5_0.75",0.09998436,5,0.75
"1815",15,15,"5_0.75",0.09248126,5,0.75
"1816",16,16,"5_0.75",0.0854643,5,0.75
"1817",17,17,"5_0.75",0.07886208,5,0.75
"1818",18,18,"5_0.75",0.07276674,5,0.75
"1819",19,19,"5_0.75",0.06724146,5,0.75
"1820",20,20,"5_0.75",0.06208742,5,0.75
"1821",21,21,"5_0.75",0.05738154,5,0.75
"1822",22,22,"5_0.75",0.05298314,5,0.75
"1823",23,23,"5_0.75",0.04895918,5,0.75
"1824",24,24,"5_0.75",0.04519052,5,0.75
"1825",25,25,"5_0.75",0.04176842,5,0.75
"1826",26,26,"5_0.75",0.03854246,5,0.75
"1827",27,27,"5_0.75",0.03559264,5,0.75
"1828",28,28,"5_0.75",0.03289854,5,0.75
"1829",29,29,"5_0.75",0.03040206,5,0.75
"1830",30,30,"5_0.75",0.02808162,5,0.75
"1831",31,31,"5_0.75",0.02593796,5,0.75
"1832",32,32,"5_0.75",0.02392202,5,0.75
"1833",33,33,"5_0.75",0.02209594,5,0.75
"1834",34,34,"5_0.75",0.02039358,5,0.75
"1835",35,35,"5_0.75",0.0187926,5,0.75
"1836",36,36,"5_0.75",0.01738686,5,0.75
"1837",37,37,"5_0.75",0.01606766,5,0.75
"1838",38,38,"5_0.75",0.01482108,5,0.75
"1839",39,39,"5_0.75",0.01368472,5,0.75
"1840",40,40,"5_0.75",0.01261274,5,0.75
"1841",41,41,"5_0.75",0.01165196,5,0.75
"1842",42,42,"5_0.75",0.01072758,5,0.75
"1843",43,43,"5_0.75",0.00992034,5,0.75
"1844",44,44,"5_0.75",0.00914738,5,0.75
"1845",45,45,"5_0.75",0.00845594,5,0.75
"1846",46,46,"5_0.75",0.00784458,5,0.75
"1847",47,47,"5_0.75",0.00724546,5,0.75
"1848",48,48,"5_0.75",0.00672018,5,0.75
"1849",49,49,"5_0.75",0.0062017,5,0.75
"1850",50,50,"5_0.75",0.00572964,5,0.75
"1851",51,51,"5_0.75",0.00525582,5,0.75
"1852",52,52,"5_0.75",0.00485468,5,0.75
"1853",53,53,"5_0.75",0.00449918,5,0.75
"1854",54,54,"5_0.75",0.00416474,5,0.75
"1855",55,55,"5_0.75",0.00386176,5,0.75
"1856",56,56,"5_0.75",0.00356122,5,0.75
"1857",57,57,"5_0.75",0.00330062,5,0.75
"1858",58,58,"5_0.75",0.00304632,5,0.75
"1859",59,59,"5_0.75",0.0028091,5,0.75
"1860",60,60,"5_0.75",0.00259136,5,0.75
"1861",61,61,"5_0.75",0.00238136,5,0.75
"1862",62,62,"5_0.75",0.00220978,5,0.75
"1863",63,63,"5_0.75",0.0020362,5,0.75
"1864",64,64,"5_0.75",0.00188294,5,0.75
"1865",65,65,"5_0.75",0.00173666,5,0.75
"1866",66,66,"5_0.75",0.00160258,5,0.75
"1867",67,67,"5_0.75",0.00148482,5,0.75
"1868",68,68,"5_0.75",0.00136924,5,0.75
"1869",69,69,"5_0.75",0.00125356,5,0.75
"1870",70,70,"5_0.75",0.00116214,5,0.75
"1871",71,71,"5_0.75",0.00107974,5,0.75
"1872",72,72,"5_0.75",0.0010053,5,0.75
"1873",73,73,"5_0.75",0.00093178,5,0.75
"1874",74,74,"5_0.75",0.00086074,5,0.75
"1875",75,75,"5_0.75",0.00078896,5,0.75
"1876",76,76,"5_0.75",0.00072898,5,0.75
"1877",77,77,"5_0.75",0.00066786,5,0.75
"1878",78,78,"5_0.75",0.00061736,5,0.75
"1879",79,79,"5_0.75",0.00056786,5,0.75
"1880",80,80,"5_0.75",0.00052456,5,0.75
"1881",81,81,"5_0.75",0.00048838,5,0.75
"1882",82,82,"5_0.75",0.00045144,5,0.75
"1883",83,83,"5_0.75",0.00041838,5,0.75
"1884",84,84,"5_0.75",0.00039128,5,0.75
"1885",85,85,"5_0.75",0.00036028,5,0.75
"1886",86,86,"5_0.75",0.00032414,5,0.75
"1887",87,87,"5_0.75",0.00029794,5,0.75
"1888",88,88,"5_0.75",0.00027154,5,0.75
"1889",89,89,"5_0.75",0.00024702,5,0.75
"1890",90,90,"5_0.75",0.00022838,5,0.75
"1891",91,91,"5_0.75",0.00021018,5,0.75
"1892",92,92,"5_0.75",0.00019078,5,0.75
"1893",93,93,"5_0.75",0.00017496,5,0.75
"1894",94,94,"5_0.75",0.00016166,5,0.75
"1895",95,95,"5_0.75",0.00014706,5,0.75
"1896",96,96,"5_0.75",0.00013514,5,0.75
"1897",97,97,"5_0.75",0.00012696,5,0.75
"1898",98,98,"5_0.75",0.00011836,5,0.75
"1899",99,99,"5_0.75",0.00011072,5,0.75
"1900",100,100,"5_0.75",0.00010224,5,0.75
"1901",1,1,"5_1",0.28013792,5,1
"1902",2,2,"5_1",0.25935668,5,1
"1903",3,3,"5_1",0.23904976,5,1
"1904",4,4,"5_1",0.22039858,5,1
"1905",5,5,"5_1",0.20324752,5,1
"1906",6,6,"5_1",0.1872051,5,1
"1907",7,7,"5_1",0.17247184,5,1
"1908",8,8,"5_1",0.15893212,5,1
"1909",9,9,"5_1",0.1465873,5,1
"1910",10,10,"5_1",0.13504256,5,1
"1911",11,11,"5_1",0.12449904,5,1
"1912",12,12,"5_1",0.1146981,5,1
"1913",13,13,"5_1",0.10576336,5,1
"1914",14,14,"5_1",0.09757406,5,1
"1915",15,15,"5_1",0.08985768,5,1
"1916",16,16,"5_1",0.08287604,5,1
"1917",17,17,"5_1",0.07627308,5,1
"1918",18,18,"5_1",0.0702763,5,1
"1919",19,19,"5_1",0.0646862,5,1
"1920",20,20,"5_1",0.0595447,5,1
"1921",21,21,"5_1",0.05496532,5,1
"1922",22,22,"5_1",0.05078356,5,1
"1923",23,23,"5_1",0.04690532,5,1
"1924",24,24,"5_1",0.04322588,5,1
"1925",25,25,"5_1",0.03986374,5,1
"1926",26,26,"5_1",0.03671268,5,1
"1927",27,27,"5_1",0.03392384,5,1
"1928",28,28,"5_1",0.0312941,5,1
"1929",29,29,"5_1",0.02889276,5,1
"1930",30,30,"5_1",0.02657204,5,1
"1931",31,31,"5_1",0.02445696,5,1
"1932",32,32,"5_1",0.02254962,5,1
"1933",33,33,"5_1",0.020793,5,1
"1934",34,34,"5_1",0.01913426,5,1
"1935",35,35,"5_1",0.01766136,5,1
"1936",36,36,"5_1",0.01628166,5,1
"1937",37,37,"5_1",0.01499016,5,1
"1938",38,38,"5_1",0.01383438,5,1
"1939",39,39,"5_1",0.01273956,5,1
"1940",40,40,"5_1",0.01174878,5,1
"1941",41,41,"5_1",0.01079646,5,1
"1942",42,42,"5_1",0.00993822,5,1
"1943",43,43,"5_1",0.00916538,5,1
"1944",44,44,"5_1",0.0084427,5,1
"1945",45,45,"5_1",0.0077895,5,1
"1946",46,46,"5_1",0.00715992,5,1
"1947",47,47,"5_1",0.00659194,5,1
"1948",48,48,"5_1",0.00607852,5,1
"1949",49,49,"5_1",0.0056158,5,1
"1950",50,50,"5_1",0.00516924,5,1
"1951",51,51,"5_1",0.00476026,5,1
"1952",52,52,"5_1",0.00439894,5,1
"1953",53,53,"5_1",0.0040593,5,1
"1954",54,54,"5_1",0.00372208,5,1
"1955",55,55,"5_1",0.00342266,5,1
"1956",56,56,"5_1",0.0031295,5,1
"1957",57,57,"5_1",0.00289084,5,1
"1958",58,58,"5_1",0.00265346,5,1
"1959",59,59,"5_1",0.00244178,5,1
"1960",60,60,"5_1",0.0022471,5,1
"1961",61,61,"5_1",0.00206528,5,1
"1962",62,62,"5_1",0.00189792,5,1
"1963",63,63,"5_1",0.00173846,5,1
"1964",64,64,"5_1",0.00160408,5,1
"1965",65,65,"5_1",0.00147098,5,1
"1966",66,66,"5_1",0.00135762,5,1
"1967",67,67,"5_1",0.00125522,5,1
"1968",68,68,"5_1",0.00116062,5,1
"1969",69,69,"5_1",0.00106958,5,1
"1970",70,70,"5_1",0.00098402,5,1
"1971",71,71,"5_1",0.00090224,5,1
"1972",72,72,"5_1",0.0008347,5,1
"1973",73,73,"5_1",0.0007711,5,1
"1974",74,74,"5_1",0.00070752,5,1
"1975",75,75,"5_1",0.00065152,5,1
"1976",76,76,"5_1",0.0005992,5,1
"1977",77,77,"5_1",0.00055418,5,1
"1978",78,78,"5_1",0.00051548,5,1
"1979",79,79,"5_1",0.00048074,5,1
"1980",80,80,"5_1",0.00043974,5,1
"1981",81,81,"5_1",0.00041094,5,1
"1982",82,82,"5_1",0.0003788,5,1
"1983",83,83,"5_1",0.00035148,5,1
"1984",84,84,"5_1",0.00032174,5,1
"1985",85,85,"5_1",0.00029776,5,1
"1986",86,86,"5_1",0.00027824,5,1
"1987",87,87,"5_1",0.00025568,5,1
"1988",88,88,"5_1",0.00023638,5,1
"1989",89,89,"5_1",0.00022196,5,1
"1990",90,90,"5_1",0.00020954,5,1
"1991",91,91,"5_1",0.00019398,5,1
"1992",92,92,"5_1",0.00018092,5,1
"1993",93,93,"5_1",0.0001724,5,1
"1994",94,94,"5_1",0.0001609,5,1
"1995",95,95,"5_1",0.00014668,5,1
"1996",96,96,"5_1",0.00013378,5,1
"1997",97,97,"5_1",0.00012514,5,1
"1998",98,98,"5_1",0.00011864,5,1
"1999",99,99,"5_1",0.00011118,5,1
"2000",100,100,"5_1",0.00010282,5,1
