"","X","generations","popsize_outcrossrate","Ho","popsize","outcross"
"1",1,1,"10_0",0.2941053,10,0
"2",2,2,"10_0",0.147016,10,0
"3",3,3,"10_0",0.0736291,10,0
"4",4,4,"10_0",0.0367227,10,0
"5",5,5,"10_0",0.0183326,10,0
"6",6,6,"10_0",0.009172,10,0
"7",7,7,"10_0",0.0046153,10,0
"8",8,8,"10_0",0.0022998,10,0
"9",9,9,"10_0",0.0011682,10,0
"10",10,10,"10_0",0.0005836,10,0
"11",11,11,"10_0",0.0002904,10,0
"12",12,12,"10_0",0.0001421,10,0
"13",13,13,"10_0",7.05e-05,10,0
"14",14,14,"10_0",3.28e-05,10,0
"15",15,15,"10_0",1.65e-05,10,0
"16",16,16,"10_0",8.5e-06,10,0
"17",17,17,"10_0",3.7e-06,10,0
"18",18,18,"10_0",2e-06,10,0
"19",19,19,"10_0",1.3e-06,10,0
"20",20,20,"10_0",8e-07,10,0
"21",21,21,"10_0",4e-07,10,0
"22",22,22,"10_0",1e-07,10,0
"23",23,23,"10_0",1e-07,10,0
"24",24,24,"10_0",1e-07,10,0
"25",25,25,"10_0",1e-07,10,0
"26",26,26,"10_0",1e-07,10,0
"27",27,27,"10_0",0,10,0
"28",28,28,"10_0",0,10,0
"29",29,29,"10_0",0,10,0
"30",30,30,"10_0",0,10,0
"31",31,31,"10_0",0,10,0
"32",32,32,"10_0",0,10,0
"33",33,33,"10_0",0,10,0
"34",34,34,"10_0",0,10,0
"35",35,35,"10_0",0,10,0
"36",36,36,"10_0",0,10,0
"37",37,37,"10_0",0,10,0
"38",38,38,"10_0",0,10,0
"39",39,39,"10_0",0,10,0
"40",40,40,"10_0",0,10,0
"41",41,41,"10_0",0,10,0
"42",42,42,"10_0",0,10,0
"43",43,43,"10_0",0,10,0
"44",44,44,"10_0",0,10,0
"45",45,45,"10_0",0,10,0
"46",46,46,"10_0",0,10,0
"47",47,47,"10_0",0,10,0
"48",48,48,"10_0",0,10,0
"49",49,49,"10_0",0,10,0
"50",50,50,"10_0",0,10,0
"51",51,51,"10_0",0,10,0
"52",52,52,"10_0",0,10,0
"53",53,53,"10_0",0,10,0
"54",54,54,"10_0",0,10,0
"55",55,55,"10_0",0,10,0
"56",56,56,"10_0",0,10,0
"57",57,57,"10_0",0,10,0
"58",58,58,"10_0",0,10,0
"59",59,59,"10_0",0,10,0
"60",60,60,"10_0",0,10,0
"61",61,61,"10_0",0,10,0
"62",62,62,"10_0",0,10,0
"63",63,63,"10_0",0,10,0
"64",64,64,"10_0",0,10,0
"65",65,65,"10_0",0,10,0
"66",66,66,"10_0",0,10,0
"67",67,67,"10_0",0,10,0
"68",68,68,"10_0",0,10,0
"69",69,69,"10_0",0,10,0
"70",70,70,"10_0",0,10,0
"71",71,71,"10_0",0,10,0
"72",72,72,"10_0",0,10,0
"73",73,73,"10_0",0,10,0
"74",74,74,"10_0",0,10,0
"75",75,75,"10_0",0,10,0
"76",76,76,"10_0",0,10,0
"77",77,77,"10_0",0,10,0
"78",78,78,"10_0",0,10,0
"79",79,79,"10_0",0,10,0
"80",80,80,"10_0",0,10,0
"81",81,81,"10_0",0,10,0
"82",82,82,"10_0",0,10,0
"83",83,83,"10_0",0,10,0
"84",84,84,"10_0",0,10,0
"85",85,85,"10_0",0,10,0
"86",86,86,"10_0",0,10,0
"87",87,87,"10_0",0,10,0
"88",88,88,"10_0",0,10,0
"89",89,89,"10_0",0,10,0
"90",90,90,"10_0",0,10,0
"91",91,91,"10_0",0,10,0
"92",92,92,"10_0",0,10,0
"93",93,93,"10_0",0,10,0
"94",94,94,"10_0",0,10,0
"95",95,95,"10_0",0,10,0
"96",96,96,"10_0",0,10,0
"97",97,97,"10_0",0,10,0
"98",98,98,"10_0",0,10,0
"99",99,99,"10_0",0,10,0
"100",100,100,"10_0",0,10,0
"101",1,1,"10_0.25",0.2939239,10,0.25
"102",2,2,"10_0.25",0.1886809,10,0.25
"103",3,3,"10_0.25",0.1491559,10,0.25
"104",4,4,"10_0.25",0.1316173,10,0.25
"105",5,5,"10_0.25",0.1225288,10,0.25
"106",6,6,"10_0.25",0.1184759,10,0.25
"107",7,7,"10_0.25",0.1139356,10,0.25
"108",8,8,"10_0.25",0.1115961,10,0.25
"109",9,9,"10_0.25",0.1097888,10,0.25
"110",10,10,"10_0.25",0.1093135,10,0.25
"111",11,11,"10_0.25",0.1058071,10,0.25
"112",12,12,"10_0.25",0.1045908,10,0.25
"113",13,13,"10_0.25",0.1023995,10,0.25
"114",14,14,"10_0.25",0.0982539,10,0.25
"115",15,15,"10_0.25",0.0957413,10,0.25
"116",16,16,"10_0.25",0.0958916,10,0.25
"117",17,17,"10_0.25",0.0959106,10,0.25
"118",18,18,"10_0.25",0.0936695,10,0.25
"119",19,19,"10_0.25",0.0897647,10,0.25
"120",20,20,"10_0.25",0.0882067,10,0.25
"121",21,21,"10_0.25",0.0868306,10,0.25
"122",22,22,"10_0.25",0.0856515,10,0.25
"123",23,23,"10_0.25",0.0832532,10,0.25
"124",24,24,"10_0.25",0.0812776,10,0.25
"125",25,25,"10_0.25",0.0791772,10,0.25
"126",26,26,"10_0.25",0.0791679,10,0.25
"127",27,27,"10_0.25",0.076968,10,0.25
"128",28,28,"10_0.25",0.0744917,10,0.25
"129",29,29,"10_0.25",0.0727378,10,0.25
"130",30,30,"10_0.25",0.0713658,10,0.25
"131",31,31,"10_0.25",0.0706674,10,0.25
"132",32,32,"10_0.25",0.0693672,10,0.25
"133",33,33,"10_0.25",0.0681401,10,0.25
"134",34,34,"10_0.25",0.0662539,10,0.25
"135",35,35,"10_0.25",0.0651476,10,0.25
"136",36,36,"10_0.25",0.0637813,10,0.25
"137",37,37,"10_0.25",0.0622767,10,0.25
"138",38,38,"10_0.25",0.0603023,10,0.25
"139",39,39,"10_0.25",0.0598873,10,0.25
"140",40,40,"10_0.25",0.058361,10,0.25
"141",41,41,"10_0.25",0.0568735,10,0.25
"142",42,42,"10_0.25",0.0560058,10,0.25
"143",43,43,"10_0.25",0.0540448,10,0.25
"144",44,44,"10_0.25",0.0535396,10,0.25
"145",45,45,"10_0.25",0.0523045,10,0.25
"146",46,46,"10_0.25",0.0519301,10,0.25
"147",47,47,"10_0.25",0.0507176,10,0.25
"148",48,48,"10_0.25",0.049412,10,0.25
"149",49,49,"10_0.25",0.0488357,10,0.25
"150",50,50,"10_0.25",0.0470129,10,0.25
"151",51,51,"10_0.25",0.0462847,10,0.25
"152",52,52,"10_0.25",0.0467935,10,0.25
"153",53,53,"10_0.25",0.0451106,10,0.25
"154",54,54,"10_0.25",0.0437524,10,0.25
"155",55,55,"10_0.25",0.042552,10,0.25
"156",56,56,"10_0.25",0.0414014,10,0.25
"157",57,57,"10_0.25",0.0415018,10,0.25
"158",58,58,"10_0.25",0.0405544,10,0.25
"159",59,59,"10_0.25",0.0398731,10,0.25
"160",60,60,"10_0.25",0.0381589,10,0.25
"161",61,61,"10_0.25",0.0377746,10,0.25
"162",62,62,"10_0.25",0.0367433,10,0.25
"163",63,63,"10_0.25",0.0363702,10,0.25
"164",64,64,"10_0.25",0.0351039,10,0.25
"165",65,65,"10_0.25",0.0342257,10,0.25
"166",66,66,"10_0.25",0.0342162,10,0.25
"167",67,67,"10_0.25",0.0337908,10,0.25
"168",68,68,"10_0.25",0.0326273,10,0.25
"169",69,69,"10_0.25",0.0321646,10,0.25
"170",70,70,"10_0.25",0.0313216,10,0.25
"171",71,71,"10_0.25",0.0305347,10,0.25
"172",72,72,"10_0.25",0.0302669,10,0.25
"173",73,73,"10_0.25",0.0300915,10,0.25
"174",74,74,"10_0.25",0.0292047,10,0.25
"175",75,75,"10_0.25",0.0285361,10,0.25
"176",76,76,"10_0.25",0.0279083,10,0.25
"177",77,77,"10_0.25",0.0277051,10,0.25
"178",78,78,"10_0.25",0.0266146,10,0.25
"179",79,79,"10_0.25",0.0257047,10,0.25
"180",80,80,"10_0.25",0.0258245,10,0.25
"181",81,81,"10_0.25",0.0252016,10,0.25
"182",82,82,"10_0.25",0.0246749,10,0.25
"183",83,83,"10_0.25",0.0242135,10,0.25
"184",84,84,"10_0.25",0.023788,10,0.25
"185",85,85,"10_0.25",0.023003,10,0.25
"186",86,86,"10_0.25",0.0224697,10,0.25
"187",87,87,"10_0.25",0.0220782,10,0.25
"188",88,88,"10_0.25",0.0216379,10,0.25
"189",89,89,"10_0.25",0.0211408,10,0.25
"190",90,90,"10_0.25",0.0210435,10,0.25
"191",91,91,"10_0.25",0.0205196,10,0.25
"192",92,92,"10_0.25",0.0202625,10,0.25
"193",93,93,"10_0.25",0.0197143,10,0.25
"194",94,94,"10_0.25",0.0192434,10,0.25
"195",95,95,"10_0.25",0.0190359,10,0.25
"196",96,96,"10_0.25",0.0182901,10,0.25
"197",97,97,"10_0.25",0.0179948,10,0.25
"198",98,98,"10_0.25",0.017417,10,0.25
"199",99,99,"10_0.25",0.0169331,10,0.25
"200",100,100,"10_0.25",0.0165188,10,0.25
"201",1,1,"10_0.5",0.293977,10,0.5
"202",2,2,"10_0.5",0.2304781,10,0.5
"203",3,3,"10_0.5",0.2109415,10,0.5
"204",4,4,"10_0.5",0.2007327,10,0.5
"205",5,5,"10_0.5",0.1919637,10,0.5
"206",6,6,"10_0.5",0.1863136,10,0.5
"207",7,7,"10_0.5",0.1816534,10,0.5
"208",8,8,"10_0.5",0.1767263,10,0.5
"209",9,9,"10_0.5",0.169753,10,0.5
"210",10,10,"10_0.5",0.1638682,10,0.5
"211",11,11,"10_0.5",0.1579658,10,0.5
"212",12,12,"10_0.5",0.1552008,10,0.5
"213",13,13,"10_0.5",0.1494003,10,0.5
"214",14,14,"10_0.5",0.1441436,10,0.5
"215",15,15,"10_0.5",0.1417355,10,0.5
"216",16,16,"10_0.5",0.1361715,10,0.5
"217",17,17,"10_0.5",0.1316984,10,0.5
"218",18,18,"10_0.5",0.1269317,10,0.5
"219",19,19,"10_0.5",0.1227229,10,0.5
"220",20,20,"10_0.5",0.1195166,10,0.5
"221",21,21,"10_0.5",0.1161561,10,0.5
"222",22,22,"10_0.5",0.1131897,10,0.5
"223",23,23,"10_0.5",0.1092274,10,0.5
"224",24,24,"10_0.5",0.1050547,10,0.5
"225",25,25,"10_0.5",0.1021318,10,0.5
"226",26,26,"10_0.5",0.0998794,10,0.5
"227",27,27,"10_0.5",0.0961085,10,0.5
"228",28,28,"10_0.5",0.0938786,10,0.5
"229",29,29,"10_0.5",0.0912549,10,0.5
"230",30,30,"10_0.5",0.0869444,10,0.5
"231",31,31,"10_0.5",0.0842789,10,0.5
"232",32,32,"10_0.5",0.0815444,10,0.5
"233",33,33,"10_0.5",0.0787499,10,0.5
"234",34,34,"10_0.5",0.0769743,10,0.5
"235",35,35,"10_0.5",0.0742997,10,0.5
"236",36,36,"10_0.5",0.0725899,10,0.5
"237",37,37,"10_0.5",0.069948,10,0.5
"238",38,38,"10_0.5",0.0680511,10,0.5
"239",39,39,"10_0.5",0.066073,10,0.5
"240",40,40,"10_0.5",0.0642256,10,0.5
"241",41,41,"10_0.5",0.0618833,10,0.5
"242",42,42,"10_0.5",0.0599182,10,0.5
"243",43,43,"10_0.5",0.0583702,10,0.5
"244",44,44,"10_0.5",0.0562608,10,0.5
"245",45,45,"10_0.5",0.0545338,10,0.5
"246",46,46,"10_0.5",0.0531919,10,0.5
"247",47,47,"10_0.5",0.0512326,10,0.5
"248",48,48,"10_0.5",0.0492338,10,0.5
"249",49,49,"10_0.5",0.0478529,10,0.5
"250",50,50,"10_0.5",0.0462042,10,0.5
"251",51,51,"10_0.5",0.0448947,10,0.5
"252",52,52,"10_0.5",0.043403,10,0.5
"253",53,53,"10_0.5",0.0422288,10,0.5
"254",54,54,"10_0.5",0.0409373,10,0.5
"255",55,55,"10_0.5",0.0399515,10,0.5
"256",56,56,"10_0.5",0.038397,10,0.5
"257",57,57,"10_0.5",0.0371412,10,0.5
"258",58,58,"10_0.5",0.0360693,10,0.5
"259",59,59,"10_0.5",0.0348266,10,0.5
"260",60,60,"10_0.5",0.0339522,10,0.5
"261",61,61,"10_0.5",0.03304,10,0.5
"262",62,62,"10_0.5",0.0317837,10,0.5
"263",63,63,"10_0.5",0.0309233,10,0.5
"264",64,64,"10_0.5",0.0297103,10,0.5
"265",65,65,"10_0.5",0.0286912,10,0.5
"266",66,66,"10_0.5",0.0278477,10,0.5
"267",67,67,"10_0.5",0.0270962,10,0.5
"268",68,68,"10_0.5",0.0259684,10,0.5
"269",69,69,"10_0.5",0.0255102,10,0.5
"270",70,70,"10_0.5",0.0244865,10,0.5
"271",71,71,"10_0.5",0.0240756,10,0.5
"272",72,72,"10_0.5",0.0231653,10,0.5
"273",73,73,"10_0.5",0.0223032,10,0.5
"274",74,74,"10_0.5",0.0216277,10,0.5
"275",75,75,"10_0.5",0.0209948,10,0.5
"276",76,76,"10_0.5",0.0202072,10,0.5
"277",77,77,"10_0.5",0.0197341,10,0.5
"278",78,78,"10_0.5",0.0190407,10,0.5
"279",79,79,"10_0.5",0.018784,10,0.5
"280",80,80,"10_0.5",0.017954,10,0.5
"281",81,81,"10_0.5",0.0174398,10,0.5
"282",82,82,"10_0.5",0.0168226,10,0.5
"283",83,83,"10_0.5",0.0162301,10,0.5
"284",84,84,"10_0.5",0.0157916,10,0.5
"285",85,85,"10_0.5",0.0152098,10,0.5
"286",86,86,"10_0.5",0.0148804,10,0.5
"287",87,87,"10_0.5",0.0143905,10,0.5
"288",88,88,"10_0.5",0.0139679,10,0.5
"289",89,89,"10_0.5",0.0135891,10,0.5
"290",90,90,"10_0.5",0.013217,10,0.5
"291",91,91,"10_0.5",0.0127804,10,0.5
"292",92,92,"10_0.5",0.0123547,10,0.5
"293",93,93,"10_0.5",0.0119432,10,0.5
"294",94,94,"10_0.5",0.0114195,10,0.5
"295",95,95,"10_0.5",0.0111279,10,0.5
"296",96,96,"10_0.5",0.0109044,10,0.5
"297",97,97,"10_0.5",0.0104698,10,0.5
"298",98,98,"10_0.5",0.0101163,10,0.5
"299",99,99,"10_0.5",0.0098386,10,0.5
"300",100,100,"10_0.5",0.0095357,10,0.5
"301",1,1,"10_0.75",0.2939048,10,0.75
"302",2,2,"10_0.75",0.2719739,10,0.75
"303",3,3,"10_0.75",0.2605655,10,0.75
"304",4,4,"10_0.75",0.2510525,10,0.75
"305",5,5,"10_0.75",0.2410338,10,0.75
"306",6,6,"10_0.75",0.2327571,10,0.75
"307",7,7,"10_0.75",0.2241291,10,0.75
"308",8,8,"10_0.75",0.2172206,10,0.75
"309",9,9,"10_0.75",0.209122,10,0.75
"310",10,10,"10_0.75",0.2019538,10,0.75
"311",11,11,"10_0.75",0.1930065,10,0.75
"312",12,12,"10_0.75",0.1862142,10,0.75
"313",13,13,"10_0.75",0.1795879,10,0.75
"314",14,14,"10_0.75",0.173343,10,0.75
"315",15,15,"10_0.75",0.1660564,10,0.75
"316",16,16,"10_0.75",0.1615502,10,0.75
"317",17,17,"10_0.75",0.154145,10,0.75
"318",18,18,"10_0.75",0.1499035,10,0.75
"319",19,19,"10_0.75",0.1435783,10,0.75
"320",20,20,"10_0.75",0.1392028,10,0.75
"321",21,21,"10_0.75",0.133442,10,0.75
"322",22,22,"10_0.75",0.128866,10,0.75
"323",23,23,"10_0.75",0.1246475,10,0.75
"324",24,24,"10_0.75",0.119893,10,0.75
"325",25,25,"10_0.75",0.1146275,10,0.75
"326",26,26,"10_0.75",0.1113307,10,0.75
"327",27,27,"10_0.75",0.1074948,10,0.75
"328",28,28,"10_0.75",0.1028358,10,0.75
"329",29,29,"10_0.75",0.1000012,10,0.75
"330",30,30,"10_0.75",0.095967,10,0.75
"331",31,31,"10_0.75",0.0923245,10,0.75
"332",32,32,"10_0.75",0.0888473,10,0.75
"333",33,33,"10_0.75",0.0853025,10,0.75
"334",34,34,"10_0.75",0.0826031,10,0.75
"335",35,35,"10_0.75",0.0798297,10,0.75
"336",36,36,"10_0.75",0.0759507,10,0.75
"337",37,37,"10_0.75",0.0733835,10,0.75
"338",38,38,"10_0.75",0.0710416,10,0.75
"339",39,39,"10_0.75",0.0684348,10,0.75
"340",40,40,"10_0.75",0.0661592,10,0.75
"341",41,41,"10_0.75",0.0637584,10,0.75
"342",42,42,"10_0.75",0.06099,10,0.75
"343",43,43,"10_0.75",0.0587371,10,0.75
"344",44,44,"10_0.75",0.0566976,10,0.75
"345",45,45,"10_0.75",0.0543783,10,0.75
"346",46,46,"10_0.75",0.0527343,10,0.75
"347",47,47,"10_0.75",0.0504464,10,0.75
"348",48,48,"10_0.75",0.048931,10,0.75
"349",49,49,"10_0.75",0.047051,10,0.75
"350",50,50,"10_0.75",0.0453227,10,0.75
"351",51,51,"10_0.75",0.0440859,10,0.75
"352",52,52,"10_0.75",0.0422777,10,0.75
"353",53,53,"10_0.75",0.0408534,10,0.75
"354",54,54,"10_0.75",0.0390968,10,0.75
"355",55,55,"10_0.75",0.0377745,10,0.75
"356",56,56,"10_0.75",0.0363806,10,0.75
"357",57,57,"10_0.75",0.0350341,10,0.75
"358",58,58,"10_0.75",0.0339008,10,0.75
"359",59,59,"10_0.75",0.0325097,10,0.75
"360",60,60,"10_0.75",0.0315363,10,0.75
"361",61,61,"10_0.75",0.0302334,10,0.75
"362",62,62,"10_0.75",0.0291122,10,0.75
"363",63,63,"10_0.75",0.0280004,10,0.75
"364",64,64,"10_0.75",0.0272429,10,0.75
"365",65,65,"10_0.75",0.026122,10,0.75
"366",66,66,"10_0.75",0.025072,10,0.75
"367",67,67,"10_0.75",0.0240926,10,0.75
"368",68,68,"10_0.75",0.0233311,10,0.75
"369",69,69,"10_0.75",0.0224526,10,0.75
"370",70,70,"10_0.75",0.0218598,10,0.75
"371",71,71,"10_0.75",0.020856,10,0.75
"372",72,72,"10_0.75",0.0200602,10,0.75
"373",73,73,"10_0.75",0.0193887,10,0.75
"374",74,74,"10_0.75",0.0186946,10,0.75
"375",75,75,"10_0.75",0.0180141,10,0.75
"376",76,76,"10_0.75",0.0173204,10,0.75
"377",77,77,"10_0.75",0.0166535,10,0.75
"378",78,78,"10_0.75",0.0161613,10,0.75
"379",79,79,"10_0.75",0.0155039,10,0.75
"380",80,80,"10_0.75",0.0150098,10,0.75
"381",81,81,"10_0.75",0.0144288,10,0.75
"382",82,82,"10_0.75",0.0140069,10,0.75
"383",83,83,"10_0.75",0.013458,10,0.75
"384",84,84,"10_0.75",0.0129281,10,0.75
"385",85,85,"10_0.75",0.0124907,10,0.75
"386",86,86,"10_0.75",0.0120986,10,0.75
"387",87,87,"10_0.75",0.0116231,10,0.75
"388",88,88,"10_0.75",0.0112148,10,0.75
"389",89,89,"10_0.75",0.0107442,10,0.75
"390",90,90,"10_0.75",0.0103893,10,0.75
"391",91,91,"10_0.75",0.0099918,10,0.75
"392",92,92,"10_0.75",0.0096358,10,0.75
"393",93,93,"10_0.75",0.0092948,10,0.75
"394",94,94,"10_0.75",0.0089716,10,0.75
"395",95,95,"10_0.75",0.0085799,10,0.75
"396",96,96,"10_0.75",0.0082807,10,0.75
"397",97,97,"10_0.75",0.0079558,10,0.75
"398",98,98,"10_0.75",0.0077184,10,0.75
"399",99,99,"10_0.75",0.0074008,10,0.75
"400",100,100,"10_0.75",0.0071807,10,0.75
"401",1,1,"10_1",0.2939927,10,1
"402",2,2,"10_1",0.3131429,10,1
"403",3,3,"10_1",0.2996533,10,1
"404",4,4,"10_1",0.2889842,10,1
"405",5,5,"10_1",0.2771775,10,1
"406",6,6,"10_1",0.2667089,10,1
"407",7,7,"10_1",0.2565523,10,1
"408",8,8,"10_1",0.2467549,10,1
"409",9,9,"10_1",0.237298,10,1
"410",10,10,"10_1",0.2281283,10,1
"411",11,11,"10_1",0.2190457,10,1
"412",12,12,"10_1",0.2107784,10,1
"413",13,13,"10_1",0.20265,10,1
"414",14,14,"10_1",0.1951811,10,1
"415",15,15,"10_1",0.1873837,10,1
"416",16,16,"10_1",0.180284,10,1
"417",17,17,"10_1",0.1731468,10,1
"418",18,18,"10_1",0.1663281,10,1
"419",19,19,"10_1",0.1600789,10,1
"420",20,20,"10_1",0.15376,10,1
"421",21,21,"10_1",0.1477514,10,1
"422",22,22,"10_1",0.1420953,10,1
"423",23,23,"10_1",0.1364307,10,1
"424",24,24,"10_1",0.1312635,10,1
"425",25,25,"10_1",0.1261808,10,1
"426",26,26,"10_1",0.1214617,10,1
"427",27,27,"10_1",0.1167894,10,1
"428",28,28,"10_1",0.1123468,10,1
"429",29,29,"10_1",0.1076706,10,1
"430",30,30,"10_1",0.1036989,10,1
"431",31,31,"10_1",0.0996391,10,1
"432",32,32,"10_1",0.0959377,10,1
"433",33,33,"10_1",0.0920534,10,1
"434",34,34,"10_1",0.0885675,10,1
"435",35,35,"10_1",0.0848186,10,1
"436",36,36,"10_1",0.0817116,10,1
"437",37,37,"10_1",0.0786012,10,1
"438",38,38,"10_1",0.0755834,10,1
"439",39,39,"10_1",0.0726473,10,1
"440",40,40,"10_1",0.069723,10,1
"441",41,41,"10_1",0.0673063,10,1
"442",42,42,"10_1",0.0646088,10,1
"443",43,43,"10_1",0.0622572,10,1
"444",44,44,"10_1",0.0597684,10,1
"445",45,45,"10_1",0.0574319,10,1
"446",46,46,"10_1",0.0552538,10,1
"447",47,47,"10_1",0.0531595,10,1
"448",48,48,"10_1",0.0510232,10,1
"449",49,49,"10_1",0.0490284,10,1
"450",50,50,"10_1",0.047175,10,1
"451",51,51,"10_1",0.0452987,10,1
"452",52,52,"10_1",0.0436516,10,1
"453",53,53,"10_1",0.0419514,10,1
"454",54,54,"10_1",0.0402849,10,1
"455",55,55,"10_1",0.0387811,10,1
"456",56,56,"10_1",0.0372501,10,1
"457",57,57,"10_1",0.0358319,10,1
"458",58,58,"10_1",0.0344787,10,1
"459",59,59,"10_1",0.0331867,10,1
"460",60,60,"10_1",0.0319459,10,1
"461",61,61,"10_1",0.0306419,10,1
"462",62,62,"10_1",0.0295604,10,1
"463",63,63,"10_1",0.0284139,10,1
"464",64,64,"10_1",0.0273321,10,1
"465",65,65,"10_1",0.0262709,10,1
"466",66,66,"10_1",0.0252565,10,1
"467",67,67,"10_1",0.0242544,10,1
"468",68,68,"10_1",0.023303,10,1
"469",69,69,"10_1",0.0223807,10,1
"470",70,70,"10_1",0.0215712,10,1
"471",71,71,"10_1",0.0207063,10,1
"472",72,72,"10_1",0.0198807,10,1
"473",73,73,"10_1",0.0190842,10,1
"474",74,74,"10_1",0.0182856,10,1
"475",75,75,"10_1",0.0176459,10,1
"476",76,76,"10_1",0.0169717,10,1
"477",77,77,"10_1",0.0163421,10,1
"478",78,78,"10_1",0.0157711,10,1
"479",79,79,"10_1",0.0150892,10,1
"480",80,80,"10_1",0.0145674,10,1
"481",81,81,"10_1",0.0139824,10,1
"482",82,82,"10_1",0.0135119,10,1
"483",83,83,"10_1",0.0129603,10,1
"484",84,84,"10_1",0.0125408,10,1
"485",85,85,"10_1",0.0119684,10,1
"486",86,86,"10_1",0.0115649,10,1
"487",87,87,"10_1",0.011054,10,1
"488",88,88,"10_1",0.010664,10,1
"489",89,89,"10_1",0.0102587,10,1
"490",90,90,"10_1",0.0098708,10,1
"491",91,91,"10_1",0.0094505,10,1
"492",92,92,"10_1",0.0091229,10,1
"493",93,93,"10_1",0.0087872,10,1
"494",94,94,"10_1",0.008416,10,1
"495",95,95,"10_1",0.0080917,10,1
"496",96,96,"10_1",0.0077579,10,1
"497",97,97,"10_1",0.0074745,10,1
"498",98,98,"10_1",0.0071619,10,1
"499",99,99,"10_1",0.0068871,10,1
"500",100,100,"10_1",0.0066226,10,1
"501",1,1,"15_0",0.2940738,15,0
"502",2,2,"15_0",0.147138466666667,15,0
"503",3,3,"15_0",0.073606,15,0
"504",4,4,"15_0",0.0368135333333333,15,0
"505",5,5,"15_0",0.0184316,15,0
"506",6,6,"15_0",0.00920266666666667,15,0
"507",7,7,"15_0",0.00461233333333333,15,0
"508",8,8,"15_0",0.002308,15,0
"509",9,9,"15_0",0.001155,15,0
"510",10,10,"15_0",0.000575533333333333,15,0
"511",11,11,"15_0",0.000292266666666667,15,0
"512",12,12,"15_0",0.000146533333333333,15,0
"513",13,13,"15_0",7.44e-05,15,0
"514",14,14,"15_0",3.67333333333333e-05,15,0
"515",15,15,"15_0",2e-05,15,0
"516",16,16,"15_0",1e-05,15,0
"517",17,17,"15_0",4.46666666666667e-06,15,0
"518",18,18,"15_0",1.53333333333333e-06,15,0
"519",19,19,"15_0",8.66666666666667e-07,15,0
"520",20,20,"15_0",4e-07,15,0
"521",21,21,"15_0",2e-07,15,0
"522",22,22,"15_0",6.66666666666667e-08,15,0
"523",23,23,"15_0",6.66666666666667e-08,15,0
"524",24,24,"15_0",0,15,0
"525",25,25,"15_0",0,15,0
"526",26,26,"15_0",0,15,0
"527",27,27,"15_0",0,15,0
"528",28,28,"15_0",0,15,0
"529",29,29,"15_0",0,15,0
"530",30,30,"15_0",0,15,0
"531",31,31,"15_0",0,15,0
"532",32,32,"15_0",0,15,0
"533",33,33,"15_0",0,15,0
"534",34,34,"15_0",0,15,0
"535",35,35,"15_0",0,15,0
"536",36,36,"15_0",0,15,0
"537",37,37,"15_0",0,15,0
"538",38,38,"15_0",0,15,0
"539",39,39,"15_0",0,15,0
"540",40,40,"15_0",0,15,0
"541",41,41,"15_0",0,15,0
"542",42,42,"15_0",0,15,0
"543",43,43,"15_0",0,15,0
"544",44,44,"15_0",0,15,0
"545",45,45,"15_0",0,15,0
"546",46,46,"15_0",0,15,0
"547",47,47,"15_0",0,15,0
"548",48,48,"15_0",0,15,0
"549",49,49,"15_0",0,15,0
"550",50,50,"15_0",0,15,0
"551",51,51,"15_0",0,15,0
"552",52,52,"15_0",0,15,0
"553",53,53,"15_0",0,15,0
"554",54,54,"15_0",0,15,0
"555",55,55,"15_0",0,15,0
"556",56,56,"15_0",0,15,0
"557",57,57,"15_0",0,15,0
"558",58,58,"15_0",0,15,0
"559",59,59,"15_0",0,15,0
"560",60,60,"15_0",0,15,0
"561",61,61,"15_0",0,15,0
"562",62,62,"15_0",0,15,0
"563",63,63,"15_0",0,15,0
"564",64,64,"15_0",0,15,0
"565",65,65,"15_0",0,15,0
"566",66,66,"15_0",0,15,0
"567",67,67,"15_0",0,15,0
"568",68,68,"15_0",0,15,0
"569",69,69,"15_0",0,15,0
"570",70,70,"15_0",0,15,0
"571",71,71,"15_0",0,15,0
"572",72,72,"15_0",0,15,0
"573",73,73,"15_0",0,15,0
"574",74,74,"15_0",0,15,0
"575",75,75,"15_0",0,15,0
"576",76,76,"15_0",0,15,0
"577",77,77,"15_0",0,15,0
"578",78,78,"15_0",0,15,0
"579",79,79,"15_0",0,15,0
"580",80,80,"15_0",0,15,0
"581",81,81,"15_0",0,15,0
"582",82,82,"15_0",0,15,0
"583",83,83,"15_0",0,15,0
"584",84,84,"15_0",0,15,0
"585",85,85,"15_0",0,15,0
"586",86,86,"15_0",0,15,0
"587",87,87,"15_0",0,15,0
"588",88,88,"15_0",0,15,0
"589",89,89,"15_0",0,15,0
"590",90,90,"15_0",0,15,0
"591",91,91,"15_0",0,15,0
"592",92,92,"15_0",0,15,0
"593",93,93,"15_0",0,15,0
"594",94,94,"15_0",0,15,0
"595",95,95,"15_0",0,15,0
"596",96,96,"15_0",0,15,0
"597",97,97,"15_0",0,15,0
"598",98,98,"15_0",0,15,0
"599",99,99,"15_0",0,15,0
"600",100,100,"15_0",0,15,0
"601",1,1,"15_0.25",0.293995666666667,15,0.25
"602",2,2,"15_0.25",0.1882034,15,0.25
"603",3,3,"15_0.25",0.147296333333333,15,0.25
"604",4,4,"15_0.25",0.131509333333333,15,0.25
"605",5,5,"15_0.25",0.124910666666667,15,0.25
"606",6,6,"15_0.25",0.1199314,15,0.25
"607",7,7,"15_0.25",0.117699133333333,15,0.25
"608",8,8,"15_0.25",0.117977266666667,15,0.25
"609",9,9,"15_0.25",0.1146414,15,0.25
"610",10,10,"15_0.25",0.114281666666667,15,0.25
"611",11,11,"15_0.25",0.113013866666667,15,0.25
"612",12,12,"15_0.25",0.1112254,15,0.25
"613",13,13,"15_0.25",0.109106266666667,15,0.25
"614",14,14,"15_0.25",0.108295533333333,15,0.25
"615",15,15,"15_0.25",0.105772466666667,15,0.25
"616",16,16,"15_0.25",0.1044028,15,0.25
"617",17,17,"15_0.25",0.103269933333333,15,0.25
"618",18,18,"15_0.25",0.102240466666667,15,0.25
"619",19,19,"15_0.25",0.102078266666667,15,0.25
"620",20,20,"15_0.25",0.0995606,15,0.25
"621",21,21,"15_0.25",0.0981504666666667,15,0.25
"622",22,22,"15_0.25",0.0967721333333333,15,0.25
"623",23,23,"15_0.25",0.0956432,15,0.25
"624",24,24,"15_0.25",0.0937381333333333,15,0.25
"625",25,25,"15_0.25",0.0944944,15,0.25
"626",26,26,"15_0.25",0.0922062666666667,15,0.25
"627",27,27,"15_0.25",0.0909012,15,0.25
"628",28,28,"15_0.25",0.0900427333333333,15,0.25
"629",29,29,"15_0.25",0.0879768,15,0.25
"630",30,30,"15_0.25",0.0880233333333333,15,0.25
"631",31,31,"15_0.25",0.0862909333333333,15,0.25
"632",32,32,"15_0.25",0.0849048,15,0.25
"633",33,33,"15_0.25",0.0837956,15,0.25
"634",34,34,"15_0.25",0.0830779333333333,15,0.25
"635",35,35,"15_0.25",0.0827654,15,0.25
"636",36,36,"15_0.25",0.0815391333333333,15,0.25
"637",37,37,"15_0.25",0.0797872,15,0.25
"638",38,38,"15_0.25",0.0787007333333333,15,0.25
"639",39,39,"15_0.25",0.0775426,15,0.25
"640",40,40,"15_0.25",0.076039,15,0.25
"641",41,41,"15_0.25",0.0753860666666667,15,0.25
"642",42,42,"15_0.25",0.0742588,15,0.25
"643",43,43,"15_0.25",0.0742647333333333,15,0.25
"644",44,44,"15_0.25",0.0734161333333333,15,0.25
"645",45,45,"15_0.25",0.0721662666666667,15,0.25
"646",46,46,"15_0.25",0.0708217333333333,15,0.25
"647",47,47,"15_0.25",0.0697129333333333,15,0.25
"648",48,48,"15_0.25",0.0691758666666667,15,0.25
"649",49,49,"15_0.25",0.0689844666666667,15,0.25
"650",50,50,"15_0.25",0.0669207333333333,15,0.25
"651",51,51,"15_0.25",0.0655427333333333,15,0.25
"652",52,52,"15_0.25",0.0652086666666667,15,0.25
"653",53,53,"15_0.25",0.0652593333333333,15,0.25
"654",54,54,"15_0.25",0.0637596,15,0.25
"655",55,55,"15_0.25",0.0622144,15,0.25
"656",56,56,"15_0.25",0.0623738,15,0.25
"657",57,57,"15_0.25",0.0613444,15,0.25
"658",58,58,"15_0.25",0.0601919333333333,15,0.25
"659",59,59,"15_0.25",0.0594052666666667,15,0.25
"660",60,60,"15_0.25",0.0590112,15,0.25
"661",61,61,"15_0.25",0.0588798666666667,15,0.25
"662",62,62,"15_0.25",0.0571870666666667,15,0.25
"663",63,63,"15_0.25",0.0565153333333333,15,0.25
"664",64,64,"15_0.25",0.0553480666666667,15,0.25
"665",65,65,"15_0.25",0.0554022,15,0.25
"666",66,66,"15_0.25",0.0545754,15,0.25
"667",67,67,"15_0.25",0.053604,15,0.25
"668",68,68,"15_0.25",0.0523967333333333,15,0.25
"669",69,69,"15_0.25",0.0522648666666667,15,0.25
"670",70,70,"15_0.25",0.0511816,15,0.25
"671",71,71,"15_0.25",0.0504098,15,0.25
"672",72,72,"15_0.25",0.0504667333333333,15,0.25
"673",73,73,"15_0.25",0.0490629333333333,15,0.25
"674",74,74,"15_0.25",0.0486763333333333,15,0.25
"675",75,75,"15_0.25",0.0482167333333333,15,0.25
"676",76,76,"15_0.25",0.0474242666666667,15,0.25
"677",77,77,"15_0.25",0.0468710666666667,15,0.25
"678",78,78,"15_0.25",0.0470079333333333,15,0.25
"679",79,79,"15_0.25",0.0460440666666667,15,0.25
"680",80,80,"15_0.25",0.0453576666666667,15,0.25
"681",81,81,"15_0.25",0.0445611333333333,15,0.25
"682",82,82,"15_0.25",0.0445488,15,0.25
"683",83,83,"15_0.25",0.0433404666666667,15,0.25
"684",84,84,"15_0.25",0.0430716,15,0.25
"685",85,85,"15_0.25",0.0418228,15,0.25
"686",86,86,"15_0.25",0.0415862,15,0.25
"687",87,87,"15_0.25",0.0414087333333333,15,0.25
"688",88,88,"15_0.25",0.0406948666666667,15,0.25
"689",89,89,"15_0.25",0.0400233333333333,15,0.25
"690",90,90,"15_0.25",0.0399783333333333,15,0.25
"691",91,91,"15_0.25",0.038788,15,0.25
"692",92,92,"15_0.25",0.0382566666666667,15,0.25
"693",93,93,"15_0.25",0.0381129333333333,15,0.25
"694",94,94,"15_0.25",0.0372688666666667,15,0.25
"695",95,95,"15_0.25",0.0367462666666667,15,0.25
"696",96,96,"15_0.25",0.0361486666666667,15,0.25
"697",97,97,"15_0.25",0.0361529333333333,15,0.25
"698",98,98,"15_0.25",0.0351618,15,0.25
"699",99,99,"15_0.25",0.0350457333333333,15,0.25
"700",100,100,"15_0.25",0.0343806,15,0.25
"701",1,1,"15_0.5",0.293982,15,0.5
"702",2,2,"15_0.5",0.2298766,15,0.5
"703",3,3,"15_0.5",0.211513466666667,15,0.5
"704",4,4,"15_0.5",0.204168,15,0.5
"705",5,5,"15_0.5",0.197150666666667,15,0.5
"706",6,6,"15_0.5",0.194864266666667,15,0.5
"707",7,7,"15_0.5",0.1903526,15,0.5
"708",8,8,"15_0.5",0.186639333333333,15,0.5
"709",9,9,"15_0.5",0.1825366,15,0.5
"710",10,10,"15_0.5",0.179029733333333,15,0.5
"711",11,11,"15_0.5",0.175406,15,0.5
"712",12,12,"15_0.5",0.172189133333333,15,0.5
"713",13,13,"15_0.5",0.168757466666667,15,0.5
"714",14,14,"15_0.5",0.1643648,15,0.5
"715",15,15,"15_0.5",0.1602646,15,0.5
"716",16,16,"15_0.5",0.158614333333333,15,0.5
"717",17,17,"15_0.5",0.156197666666667,15,0.5
"718",18,18,"15_0.5",0.153336133333333,15,0.5
"719",19,19,"15_0.5",0.149542533333333,15,0.5
"720",20,20,"15_0.5",0.147119,15,0.5
"721",21,21,"15_0.5",0.1423358,15,0.5
"722",22,22,"15_0.5",0.1394042,15,0.5
"723",23,23,"15_0.5",0.136444866666667,15,0.5
"724",24,24,"15_0.5",0.134366466666667,15,0.5
"725",25,25,"15_0.5",0.1321542,15,0.5
"726",26,26,"15_0.5",0.128914333333333,15,0.5
"727",27,27,"15_0.5",0.126416866666667,15,0.5
"728",28,28,"15_0.5",0.122918733333333,15,0.5
"729",29,29,"15_0.5",0.1212496,15,0.5
"730",30,30,"15_0.5",0.118752533333333,15,0.5
"731",31,31,"15_0.5",0.116575333333333,15,0.5
"732",32,32,"15_0.5",0.1145612,15,0.5
"733",33,33,"15_0.5",0.111368866666667,15,0.5
"734",34,34,"15_0.5",0.109736133333333,15,0.5
"735",35,35,"15_0.5",0.1076462,15,0.5
"736",36,36,"15_0.5",0.105325866666667,15,0.5
"737",37,37,"15_0.5",0.102327333333333,15,0.5
"738",38,38,"15_0.5",0.100908733333333,15,0.5
"739",39,39,"15_0.5",0.0989196,15,0.5
"740",40,40,"15_0.5",0.0974059333333333,15,0.5
"741",41,41,"15_0.5",0.0948456666666667,15,0.5
"742",42,42,"15_0.5",0.0926425333333333,15,0.5
"743",43,43,"15_0.5",0.091001,15,0.5
"744",44,44,"15_0.5",0.0892376666666667,15,0.5
"745",45,45,"15_0.5",0.087717,15,0.5
"746",46,46,"15_0.5",0.0857126666666667,15,0.5
"747",47,47,"15_0.5",0.0838885333333333,15,0.5
"748",48,48,"15_0.5",0.0810967333333333,15,0.5
"749",49,49,"15_0.5",0.0800152,15,0.5
"750",50,50,"15_0.5",0.0789195333333333,15,0.5
"751",51,51,"15_0.5",0.0772798666666667,15,0.5
"752",52,52,"15_0.5",0.0759047333333333,15,0.5
"753",53,53,"15_0.5",0.0745456666666667,15,0.5
"754",54,54,"15_0.5",0.0729796,15,0.5
"755",55,55,"15_0.5",0.071126,15,0.5
"756",56,56,"15_0.5",0.0696932,15,0.5
"757",57,57,"15_0.5",0.0689268666666667,15,0.5
"758",58,58,"15_0.5",0.0670711333333333,15,0.5
"759",59,59,"15_0.5",0.0657368666666667,15,0.5
"760",60,60,"15_0.5",0.0647098,15,0.5
"761",61,61,"15_0.5",0.0632612,15,0.5
"762",62,62,"15_0.5",0.061752,15,0.5
"763",63,63,"15_0.5",0.0602748,15,0.5
"764",64,64,"15_0.5",0.0592655333333333,15,0.5
"765",65,65,"15_0.5",0.058083,15,0.5
"766",66,66,"15_0.5",0.0569116666666667,15,0.5
"767",67,67,"15_0.5",0.0555414,15,0.5
"768",68,68,"15_0.5",0.0544426666666667,15,0.5
"769",69,69,"15_0.5",0.0533066,15,0.5
"770",70,70,"15_0.5",0.0525432,15,0.5
"771",71,71,"15_0.5",0.0512304666666667,15,0.5
"772",72,72,"15_0.5",0.0502166666666667,15,0.5
"773",73,73,"15_0.5",0.0490454,15,0.5
"774",74,74,"15_0.5",0.0482268,15,0.5
"775",75,75,"15_0.5",0.0471852,15,0.5
"776",76,76,"15_0.5",0.0463088666666667,15,0.5
"777",77,77,"15_0.5",0.0453314,15,0.5
"778",78,78,"15_0.5",0.0444502,15,0.5
"779",79,79,"15_0.5",0.0434075333333333,15,0.5
"780",80,80,"15_0.5",0.0425850666666667,15,0.5
"781",81,81,"15_0.5",0.0417814,15,0.5
"782",82,82,"15_0.5",0.0408435333333333,15,0.5
"783",83,83,"15_0.5",0.0400928,15,0.5
"784",84,84,"15_0.5",0.0391286,15,0.5
"785",85,85,"15_0.5",0.0383303333333333,15,0.5
"786",86,86,"15_0.5",0.0375391333333333,15,0.5
"787",87,87,"15_0.5",0.0368958,15,0.5
"788",88,88,"15_0.5",0.0361204,15,0.5
"789",89,89,"15_0.5",0.0350762666666667,15,0.5
"790",90,90,"15_0.5",0.0345569333333333,15,0.5
"791",91,91,"15_0.5",0.0341481333333333,15,0.5
"792",92,92,"15_0.5",0.0334201333333333,15,0.5
"793",93,93,"15_0.5",0.0327948,15,0.5
"794",94,94,"15_0.5",0.032003,15,0.5
"795",95,95,"15_0.5",0.0313033333333333,15,0.5
"796",96,96,"15_0.5",0.0305338666666667,15,0.5
"797",97,97,"15_0.5",0.0299486666666667,15,0.5
"798",98,98,"15_0.5",0.0292273333333333,15,0.5
"799",99,99,"15_0.5",0.0285577333333333,15,0.5
"800",100,100,"15_0.5",0.0280518,15,0.5
"801",1,1,"15_0.75",0.294016733333333,15,0.75
"802",2,2,"15_0.75",0.271726866666667,15,0.75
"803",3,3,"15_0.75",0.2630856,15,0.75
"804",4,4,"15_0.75",0.256710466666667,15,0.75
"805",5,5,"15_0.75",0.251224266666667,15,0.75
"806",6,6,"15_0.75",0.2439592,15,0.75
"807",7,7,"15_0.75",0.2391444,15,0.75
"808",8,8,"15_0.75",0.233533,15,0.75
"809",9,9,"15_0.75",0.227984533333333,15,0.75
"810",10,10,"15_0.75",0.223047133333333,15,0.75
"811",11,11,"15_0.75",0.216350866666667,15,0.75
"812",12,12,"15_0.75",0.2118496,15,0.75
"813",13,13,"15_0.75",0.206683533333333,15,0.75
"814",14,14,"15_0.75",0.2013996,15,0.75
"815",15,15,"15_0.75",0.1969422,15,0.75
"816",16,16,"15_0.75",0.191655266666667,15,0.75
"817",17,17,"15_0.75",0.1875944,15,0.75
"818",18,18,"15_0.75",0.182521866666667,15,0.75
"819",19,19,"15_0.75",0.178672133333333,15,0.75
"820",20,20,"15_0.75",0.174817,15,0.75
"821",21,21,"15_0.75",0.1710524,15,0.75
"822",22,22,"15_0.75",0.166560133333333,15,0.75
"823",23,23,"15_0.75",0.1622808,15,0.75
"824",24,24,"15_0.75",0.1590462,15,0.75
"825",25,25,"15_0.75",0.1542554,15,0.75
"826",26,26,"15_0.75",0.1503266,15,0.75
"827",27,27,"15_0.75",0.147416266666667,15,0.75
"828",28,28,"15_0.75",0.1436138,15,0.75
"829",29,29,"15_0.75",0.140903133333333,15,0.75
"830",30,30,"15_0.75",0.1375398,15,0.75
"831",31,31,"15_0.75",0.134009133333333,15,0.75
"832",32,32,"15_0.75",0.130470066666667,15,0.75
"833",33,33,"15_0.75",0.126963866666667,15,0.75
"834",34,34,"15_0.75",0.124347933333333,15,0.75
"835",35,35,"15_0.75",0.121395,15,0.75
"836",36,36,"15_0.75",0.118765466666667,15,0.75
"837",37,37,"15_0.75",0.115438066666667,15,0.75
"838",38,38,"15_0.75",0.1128414,15,0.75
"839",39,39,"15_0.75",0.109619466666667,15,0.75
"840",40,40,"15_0.75",0.107534866666667,15,0.75
"841",41,41,"15_0.75",0.104907866666667,15,0.75
"842",42,42,"15_0.75",0.102687533333333,15,0.75
"843",43,43,"15_0.75",0.0998381333333333,15,0.75
"844",44,44,"15_0.75",0.0976345333333333,15,0.75
"845",45,45,"15_0.75",0.0950820666666667,15,0.75
"846",46,46,"15_0.75",0.0930089333333333,15,0.75
"847",47,47,"15_0.75",0.0909761333333333,15,0.75
"848",48,48,"15_0.75",0.088203,15,0.75
"849",49,49,"15_0.75",0.0864054666666667,15,0.75
"850",50,50,"15_0.75",0.0845042,15,0.75
"851",51,51,"15_0.75",0.0823018666666667,15,0.75
"852",52,52,"15_0.75",0.0802934,15,0.75
"853",53,53,"15_0.75",0.0780873333333333,15,0.75
"854",54,54,"15_0.75",0.0759372666666667,15,0.75
"855",55,55,"15_0.75",0.0746026666666667,15,0.75
"856",56,56,"15_0.75",0.072551,15,0.75
"857",57,57,"15_0.75",0.0707874,15,0.75
"858",58,58,"15_0.75",0.0694440666666667,15,0.75
"859",59,59,"15_0.75",0.0674137333333333,15,0.75
"860",60,60,"15_0.75",0.0659759333333333,15,0.75
"861",61,61,"15_0.75",0.0646249333333333,15,0.75
"862",62,62,"15_0.75",0.0631594,15,0.75
"863",63,63,"15_0.75",0.0615288,15,0.75
"864",64,64,"15_0.75",0.0601464666666667,15,0.75
"865",65,65,"15_0.75",0.0584741333333333,15,0.75
"866",66,66,"15_0.75",0.0569945333333333,15,0.75
"867",67,67,"15_0.75",0.0555908666666667,15,0.75
"868",68,68,"15_0.75",0.0542797333333333,15,0.75
"869",69,69,"15_0.75",0.0530134666666667,15,0.75
"870",70,70,"15_0.75",0.0519208,15,0.75
"871",71,71,"15_0.75",0.0504677333333333,15,0.75
"872",72,72,"15_0.75",0.0491681333333333,15,0.75
"873",73,73,"15_0.75",0.0480409333333333,15,0.75
"874",74,74,"15_0.75",0.0470476666666667,15,0.75
"875",75,75,"15_0.75",0.0458648,15,0.75
"876",76,76,"15_0.75",0.0448081333333333,15,0.75
"877",77,77,"15_0.75",0.0436253333333333,15,0.75
"878",78,78,"15_0.75",0.0425796,15,0.75
"879",79,79,"15_0.75",0.0418462666666667,15,0.75
"880",80,80,"15_0.75",0.0406843333333333,15,0.75
"881",81,81,"15_0.75",0.0396085333333333,15,0.75
"882",82,82,"15_0.75",0.0384826666666667,15,0.75
"883",83,83,"15_0.75",0.0375476,15,0.75
"884",84,84,"15_0.75",0.0367814666666667,15,0.75
"885",85,85,"15_0.75",0.0361406666666667,15,0.75
"886",86,86,"15_0.75",0.0351493333333333,15,0.75
"887",87,87,"15_0.75",0.0341254,15,0.75
"888",88,88,"15_0.75",0.0335622,15,0.75
"889",89,89,"15_0.75",0.0325263333333333,15,0.75
"890",90,90,"15_0.75",0.0319832666666667,15,0.75
"891",91,91,"15_0.75",0.0310888666666667,15,0.75
"892",92,92,"15_0.75",0.0303482,15,0.75
"893",93,93,"15_0.75",0.0296902666666667,15,0.75
"894",94,94,"15_0.75",0.0288415333333333,15,0.75
"895",95,95,"15_0.75",0.0282158666666667,15,0.75
"896",96,96,"15_0.75",0.0276178,15,0.75
"897",97,97,"15_0.75",0.0269019333333333,15,0.75
"898",98,98,"15_0.75",0.026198,15,0.75
"899",99,99,"15_0.75",0.0255878,15,0.75
"900",100,100,"15_0.75",0.024934,15,0.75
"901",1,1,"15_1",0.293797933333333,15,1
"902",2,2,"15_1",0.313019533333333,15,1
"903",3,3,"15_1",0.3042896,15,1
"904",4,4,"15_1",0.296649,15,1
"905",5,5,"15_1",0.288677066666667,15,1
"906",6,6,"15_1",0.281359333333333,15,1
"907",7,7,"15_1",0.274404333333333,15,1
"908",8,8,"15_1",0.267250466666667,15,1
"909",9,9,"15_1",0.260496666666667,15,1
"910",10,10,"15_1",0.253748866666667,15,1
"911",11,11,"15_1",0.247217466666667,15,1
"912",12,12,"15_1",0.240834866666667,15,1
"913",13,13,"15_1",0.234725866666667,15,1
"914",14,14,"15_1",0.228765333333333,15,1
"915",15,15,"15_1",0.223232,15,1
"916",16,16,"15_1",0.217171333333333,15,1
"917",17,17,"15_1",0.211546466666667,15,1
"918",18,18,"15_1",0.206132666666667,15,1
"919",19,19,"15_1",0.2011594,15,1
"920",20,20,"15_1",0.195962866666667,15,1
"921",21,21,"15_1",0.190849666666667,15,1
"922",22,22,"15_1",0.185922733333333,15,1
"923",23,23,"15_1",0.181409666666667,15,1
"924",24,24,"15_1",0.1766522,15,1
"925",25,25,"15_1",0.172244066666667,15,1
"926",26,26,"15_1",0.167854066666667,15,1
"927",27,27,"15_1",0.163675533333333,15,1
"928",28,28,"15_1",0.159405133333333,15,1
"929",29,29,"15_1",0.155487133333333,15,1
"930",30,30,"15_1",0.151423266666667,15,1
"931",31,31,"15_1",0.1476678,15,1
"932",32,32,"15_1",0.143830333333333,15,1
"933",33,33,"15_1",0.140192933333333,15,1
"934",34,34,"15_1",0.1365488,15,1
"935",35,35,"15_1",0.133065,15,1
"936",36,36,"15_1",0.129652,15,1
"937",37,37,"15_1",0.126405733333333,15,1
"938",38,38,"15_1",0.1230522,15,1
"939",39,39,"15_1",0.119848133333333,15,1
"940",40,40,"15_1",0.116895466666667,15,1
"941",41,41,"15_1",0.114011933333333,15,1
"942",42,42,"15_1",0.110953733333333,15,1
"943",43,43,"15_1",0.108203133333333,15,1
"944",44,44,"15_1",0.105438333333333,15,1
"945",45,45,"15_1",0.102856333333333,15,1
"946",46,46,"15_1",0.100187866666667,15,1
"947",47,47,"15_1",0.0975365333333333,15,1
"948",48,48,"15_1",0.0950402666666667,15,1
"949",49,49,"15_1",0.0926850666666667,15,1
"950",50,50,"15_1",0.0903343333333333,15,1
"951",51,51,"15_1",0.0878983333333333,15,1
"952",52,52,"15_1",0.0856580666666667,15,1
"953",53,53,"15_1",0.0836176666666667,15,1
"954",54,54,"15_1",0.0814334666666667,15,1
"955",55,55,"15_1",0.0794202666666667,15,1
"956",56,56,"15_1",0.0773597333333333,15,1
"957",57,57,"15_1",0.0754624,15,1
"958",58,58,"15_1",0.07346,15,1
"959",59,59,"15_1",0.0717242,15,1
"960",60,60,"15_1",0.0698763333333333,15,1
"961",61,61,"15_1",0.0679385333333333,15,1
"962",62,62,"15_1",0.0662426666666667,15,1
"963",63,63,"15_1",0.0646166666666667,15,1
"964",64,64,"15_1",0.0629016,15,1
"965",65,65,"15_1",0.0612992,15,1
"966",66,66,"15_1",0.0598580666666667,15,1
"967",67,67,"15_1",0.0582482,15,1
"968",68,68,"15_1",0.0567972666666667,15,1
"969",69,69,"15_1",0.0553961333333333,15,1
"970",70,70,"15_1",0.0539454,15,1
"971",71,71,"15_1",0.0525829333333333,15,1
"972",72,72,"15_1",0.0511726,15,1
"973",73,73,"15_1",0.049914,15,1
"974",74,74,"15_1",0.0486386666666667,15,1
"975",75,75,"15_1",0.0473474666666667,15,1
"976",76,76,"15_1",0.0461357333333333,15,1
"977",77,77,"15_1",0.0450549333333333,15,1
"978",78,78,"15_1",0.0439389333333333,15,1
"979",79,79,"15_1",0.0426788666666667,15,1
"980",80,80,"15_1",0.0416074,15,1
"981",81,81,"15_1",0.0405829333333333,15,1
"982",82,82,"15_1",0.0396664,15,1
"983",83,83,"15_1",0.0385502,15,1
"984",84,84,"15_1",0.0376038,15,1
"985",85,85,"15_1",0.0366104666666667,15,1
"986",86,86,"15_1",0.0357294666666667,15,1
"987",87,87,"15_1",0.0347373333333333,15,1
"988",88,88,"15_1",0.0339306,15,1
"989",89,89,"15_1",0.0330912,15,1
"990",90,90,"15_1",0.0321699333333333,15,1
"991",91,91,"15_1",0.0313164,15,1
"992",92,92,"15_1",0.0305438,15,1
"993",93,93,"15_1",0.0296755333333333,15,1
"994",94,94,"15_1",0.0289594,15,1
"995",95,95,"15_1",0.0281512666666667,15,1
"996",96,96,"15_1",0.0275326,15,1
"997",97,97,"15_1",0.026787,15,1
"998",98,98,"15_1",0.0261008,15,1
"999",99,99,"15_1",0.0254236,15,1
"1000",100,100,"15_1",0.0247369333333333,15,1
"1001",1,1,"20_0",0.29389665,20,0
"1002",2,2,"20_0",0.1469089,20,0
"1003",3,3,"20_0",0.07343325,20,0
"1004",4,4,"20_0",0.0367408,20,0
"1005",5,5,"20_0",0.0183518,20,0
"1006",6,6,"20_0",0.0091834,20,0
"1007",7,7,"20_0",0.00458445,20,0
"1008",8,8,"20_0",0.00228765,20,0
"1009",9,9,"20_0",0.0011409,20,0
"1010",10,10,"20_0",0.00056805,20,0
"1011",11,11,"20_0",0.00028275,20,0
"1012",12,12,"20_0",0.00014065,20,0
"1013",13,13,"20_0",7.055e-05,20,0
"1014",14,14,"20_0",3.59e-05,20,0
"1015",15,15,"20_0",1.825e-05,20,0
"1016",16,16,"20_0",8.55e-06,20,0
"1017",17,17,"20_0",4.2e-06,20,0
"1018",18,18,"20_0",1.95e-06,20,0
"1019",19,19,"20_0",1.1e-06,20,0
"1020",20,20,"20_0",5.5e-07,20,0
"1021",21,21,"20_0",1.5e-07,20,0
"1022",22,22,"20_0",1.5e-07,20,0
"1023",23,23,"20_0",5e-08,20,0
"1024",24,24,"20_0",5e-08,20,0
"1025",25,25,"20_0",0,20,0
"1026",26,26,"20_0",0,20,0
"1027",27,27,"20_0",0,20,0
"1028",28,28,"20_0",0,20,0
"1029",29,29,"20_0",0,20,0
"1030",30,30,"20_0",0,20,0
"1031",31,31,"20_0",0,20,0
"1032",32,32,"20_0",0,20,0
"1033",33,33,"20_0",0,20,0
"1034",34,34,"20_0",0,20,0
"1035",35,35,"20_0",0,20,0
"1036",36,36,"20_0",0,20,0
"1037",37,37,"20_0",0,20,0
"1038",38,38,"20_0",0,20,0
"1039",39,39,"20_0",0,20,0
"1040",40,40,"20_0",0,20,0
"1041",41,41,"20_0",0,20,0
"1042",42,42,"20_0",0,20,0
"1043",43,43,"20_0",0,20,0
"1044",44,44,"20_0",0,20,0
"1045",45,45,"20_0",0,20,0
"1046",46,46,"20_0",0,20,0
"1047",47,47,"20_0",0,20,0
"1048",48,48,"20_0",0,20,0
"1049",49,49,"20_0",0,20,0
"1050",50,50,"20_0",0,20,0
"1051",51,51,"20_0",0,20,0
"1052",52,52,"20_0",0,20,0
"1053",53,53,"20_0",0,20,0
"1054",54,54,"20_0",0,20,0
"1055",55,55,"20_0",0,20,0
"1056",56,56,"20_0",0,20,0
"1057",57,57,"20_0",0,20,0
"1058",58,58,"20_0",0,20,0
"1059",59,59,"20_0",0,20,0
"1060",60,60,"20_0",0,20,0
"1061",61,61,"20_0",0,20,0
"1062",62,62,"20_0",0,20,0
"1063",63,63,"20_0",0,20,0
"1064",64,64,"20_0",0,20,0
"1065",65,65,"20_0",0,20,0
"1066",66,66,"20_0",0,20,0
"1067",67,67,"20_0",0,20,0
"1068",68,68,"20_0",0,20,0
"1069",69,69,"20_0",0,20,0
"1070",70,70,"20_0",0,20,0
"1071",71,71,"20_0",0,20,0
"1072",72,72,"20_0",0,20,0
"1073",73,73,"20_0",0,20,0
"1074",74,74,"20_0",0,20,0
"1075",75,75,"20_0",0,20,0
"1076",76,76,"20_0",0,20,0
"1077",77,77,"20_0",0,20,0
"1078",78,78,"20_0",0,20,0
"1079",79,79,"20_0",0,20,0
"1080",80,80,"20_0",0,20,0
"1081",81,81,"20_0",0,20,0
"1082",82,82,"20_0",0,20,0
"1083",83,83,"20_0",0,20,0
"1084",84,84,"20_0",0,20,0
"1085",85,85,"20_0",0,20,0
"1086",86,86,"20_0",0,20,0
"1087",87,87,"20_0",0,20,0
"1088",88,88,"20_0",0,20,0
"1089",89,89,"20_0",0,20,0
"1090",90,90,"20_0",0,20,0
"1091",91,91,"20_0",0,20,0
"1092",92,92,"20_0",0,20,0
"1093",93,93,"20_0",0,20,0
"1094",94,94,"20_0",0,20,0
"1095",95,95,"20_0",0,20,0
"1096",96,96,"20_0",0,20,0
"1097",97,97,"20_0",0,20,0
"1098",98,98,"20_0",0,20,0
"1099",99,99,"20_0",0,20,0
"1100",100,100,"20_0",0,20,0
"1101",1,1,"20_0.25",0.29398825,20,0.25
"1102",2,2,"20_0.25",0.1883441,20,0.25
"1103",3,3,"20_0.25",0.1481702,20,0.25
"1104",4,4,"20_0.25",0.13180115,20,0.25
"1105",5,5,"20_0.25",0.1262413,20,0.25
"1106",6,6,"20_0.25",0.12290665,20,0.25
"1107",7,7,"20_0.25",0.12116455,20,0.25
"1108",8,8,"20_0.25",0.11907895,20,0.25
"1109",9,9,"20_0.25",0.11908425,20,0.25
"1110",10,10,"20_0.25",0.1179068,20,0.25
"1111",11,11,"20_0.25",0.11673015,20,0.25
"1112",12,12,"20_0.25",0.1157866,20,0.25
"1113",13,13,"20_0.25",0.11332105,20,0.25
"1114",14,14,"20_0.25",0.1125752,20,0.25
"1115",15,15,"20_0.25",0.1118448,20,0.25
"1116",16,16,"20_0.25",0.10894095,20,0.25
"1117",17,17,"20_0.25",0.10846,20,0.25
"1118",18,18,"20_0.25",0.10741065,20,0.25
"1119",19,19,"20_0.25",0.10654615,20,0.25
"1120",20,20,"20_0.25",0.10598855,20,0.25
"1121",21,21,"20_0.25",0.103681,20,0.25
"1122",22,22,"20_0.25",0.1036496,20,0.25
"1123",23,23,"20_0.25",0.1031822,20,0.25
"1124",24,24,"20_0.25",0.1021209,20,0.25
"1125",25,25,"20_0.25",0.10224375,20,0.25
"1126",26,26,"20_0.25",0.0997817,20,0.25
"1127",27,27,"20_0.25",0.09897185,20,0.25
"1128",28,28,"20_0.25",0.0977839,20,0.25
"1129",29,29,"20_0.25",0.09773115,20,0.25
"1130",30,30,"20_0.25",0.0960514,20,0.25
"1131",31,31,"20_0.25",0.0948815,20,0.25
"1132",32,32,"20_0.25",0.09450265,20,0.25
"1133",33,33,"20_0.25",0.0938214,20,0.25
"1134",34,34,"20_0.25",0.09363345,20,0.25
"1135",35,35,"20_0.25",0.0930006,20,0.25
"1136",36,36,"20_0.25",0.09153,20,0.25
"1137",37,37,"20_0.25",0.09054075,20,0.25
"1138",38,38,"20_0.25",0.08870695,20,0.25
"1139",39,39,"20_0.25",0.0880071,20,0.25
"1140",40,40,"20_0.25",0.08661275,20,0.25
"1141",41,41,"20_0.25",0.08594245,20,0.25
"1142",42,42,"20_0.25",0.08561615,20,0.25
"1143",43,43,"20_0.25",0.0853495,20,0.25
"1144",44,44,"20_0.25",0.0831033,20,0.25
"1145",45,45,"20_0.25",0.0831673,20,0.25
"1146",46,46,"20_0.25",0.08254045,20,0.25
"1147",47,47,"20_0.25",0.08221755,20,0.25
"1148",48,48,"20_0.25",0.08053385,20,0.25
"1149",49,49,"20_0.25",0.08051685,20,0.25
"1150",50,50,"20_0.25",0.0793394,20,0.25
"1151",51,51,"20_0.25",0.0776554,20,0.25
"1152",52,52,"20_0.25",0.07729745,20,0.25
"1153",53,53,"20_0.25",0.0761074,20,0.25
"1154",54,54,"20_0.25",0.07679485,20,0.25
"1155",55,55,"20_0.25",0.0758117,20,0.25
"1156",56,56,"20_0.25",0.0751908,20,0.25
"1157",57,57,"20_0.25",0.0740932,20,0.25
"1158",58,58,"20_0.25",0.07275995,20,0.25
"1159",59,59,"20_0.25",0.07168765,20,0.25
"1160",60,60,"20_0.25",0.07178315,20,0.25
"1161",61,61,"20_0.25",0.07032185,20,0.25
"1162",62,62,"20_0.25",0.0695763,20,0.25
"1163",63,63,"20_0.25",0.0692709,20,0.25
"1164",64,64,"20_0.25",0.06879995,20,0.25
"1165",65,65,"20_0.25",0.0680155,20,0.25
"1166",66,66,"20_0.25",0.06709515,20,0.25
"1167",67,67,"20_0.25",0.06585915,20,0.25
"1168",68,68,"20_0.25",0.06616455,20,0.25
"1169",69,69,"20_0.25",0.06591655,20,0.25
"1170",70,70,"20_0.25",0.06465695,20,0.25
"1171",71,71,"20_0.25",0.0641316,20,0.25
"1172",72,72,"20_0.25",0.06433135,20,0.25
"1173",73,73,"20_0.25",0.0631937,20,0.25
"1174",74,74,"20_0.25",0.0622581,20,0.25
"1175",75,75,"20_0.25",0.06245025,20,0.25
"1176",76,76,"20_0.25",0.0614588,20,0.25
"1177",77,77,"20_0.25",0.06061325,20,0.25
"1178",78,78,"20_0.25",0.05997495,20,0.25
"1179",79,79,"20_0.25",0.0602624,20,0.25
"1180",80,80,"20_0.25",0.0588728,20,0.25
"1181",81,81,"20_0.25",0.05904835,20,0.25
"1182",82,82,"20_0.25",0.0581182,20,0.25
"1183",83,83,"20_0.25",0.05776895,20,0.25
"1184",84,84,"20_0.25",0.056751,20,0.25
"1185",85,85,"20_0.25",0.0559399,20,0.25
"1186",86,86,"20_0.25",0.05538235,20,0.25
"1187",87,87,"20_0.25",0.05511965,20,0.25
"1188",88,88,"20_0.25",0.0542975,20,0.25
"1189",89,89,"20_0.25",0.05318625,20,0.25
"1190",90,90,"20_0.25",0.05355345,20,0.25
"1191",91,91,"20_0.25",0.05237545,20,0.25
"1192",92,92,"20_0.25",0.05252345,20,0.25
"1193",93,93,"20_0.25",0.05184435,20,0.25
"1194",94,94,"20_0.25",0.05137445,20,0.25
"1195",95,95,"20_0.25",0.05026715,20,0.25
"1196",96,96,"20_0.25",0.050649,20,0.25
"1197",97,97,"20_0.25",0.0499691,20,0.25
"1198",98,98,"20_0.25",0.04932705,20,0.25
"1199",99,99,"20_0.25",0.04872035,20,0.25
"1200",100,100,"20_0.25",0.0481886,20,0.25
"1201",1,1,"20_0.5",0.2940582,20,0.5
"1202",2,2,"20_0.5",0.22980345,20,0.5
"1203",3,3,"20_0.5",0.212091,20,0.5
"1204",4,4,"20_0.5",0.20507245,20,0.5
"1205",5,5,"20_0.5",0.19967385,20,0.5
"1206",6,6,"20_0.5",0.19566795,20,0.5
"1207",7,7,"20_0.5",0.1947358,20,0.5
"1208",8,8,"20_0.5",0.19146585,20,0.5
"1209",9,9,"20_0.5",0.1890655,20,0.5
"1210",10,10,"20_0.5",0.1864547,20,0.5
"1211",11,11,"20_0.5",0.18392755,20,0.5
"1212",12,12,"20_0.5",0.18018285,20,0.5
"1213",13,13,"20_0.5",0.1774786,20,0.5
"1214",14,14,"20_0.5",0.17541325,20,0.5
"1215",15,15,"20_0.5",0.1728768,20,0.5
"1216",16,16,"20_0.5",0.1713811,20,0.5
"1217",17,17,"20_0.5",0.1683271,20,0.5
"1218",18,18,"20_0.5",0.1661627,20,0.5
"1219",19,19,"20_0.5",0.1632625,20,0.5
"1220",20,20,"20_0.5",0.16090555,20,0.5
"1221",21,21,"20_0.5",0.15827075,20,0.5
"1222",22,22,"20_0.5",0.15515455,20,0.5
"1223",23,23,"20_0.5",0.15342695,20,0.5
"1224",24,24,"20_0.5",0.14996785,20,0.5
"1225",25,25,"20_0.5",0.1483231,20,0.5
"1226",26,26,"20_0.5",0.14636625,20,0.5
"1227",27,27,"20_0.5",0.14403975,20,0.5
"1228",28,28,"20_0.5",0.14199545,20,0.5
"1229",29,29,"20_0.5",0.14006875,20,0.5
"1230",30,30,"20_0.5",0.13801595,20,0.5
"1231",31,31,"20_0.5",0.1358169,20,0.5
"1232",32,32,"20_0.5",0.13381485,20,0.5
"1233",33,33,"20_0.5",0.13166115,20,0.5
"1234",34,34,"20_0.5",0.1299134,20,0.5
"1235",35,35,"20_0.5",0.1272584,20,0.5
"1236",36,36,"20_0.5",0.1253543,20,0.5
"1237",37,37,"20_0.5",0.1232466,20,0.5
"1238",38,38,"20_0.5",0.1213363,20,0.5
"1239",39,39,"20_0.5",0.1194952,20,0.5
"1240",40,40,"20_0.5",0.1176302,20,0.5
"1241",41,41,"20_0.5",0.1165619,20,0.5
"1242",42,42,"20_0.5",0.11466365,20,0.5
"1243",43,43,"20_0.5",0.11218335,20,0.5
"1244",44,44,"20_0.5",0.11131875,20,0.5
"1245",45,45,"20_0.5",0.1103009,20,0.5
"1246",46,46,"20_0.5",0.1073213,20,0.5
"1247",47,47,"20_0.5",0.10599515,20,0.5
"1248",48,48,"20_0.5",0.1043469,20,0.5
"1249",49,49,"20_0.5",0.10285655,20,0.5
"1250",50,50,"20_0.5",0.1011019,20,0.5
"1251",51,51,"20_0.5",0.1001308,20,0.5
"1252",52,52,"20_0.5",0.098359,20,0.5
"1253",53,53,"20_0.5",0.09680875,20,0.5
"1254",54,54,"20_0.5",0.09554195,20,0.5
"1255",55,55,"20_0.5",0.09410755,20,0.5
"1256",56,56,"20_0.5",0.0931358,20,0.5
"1257",57,57,"20_0.5",0.0911183,20,0.5
"1258",58,58,"20_0.5",0.089423,20,0.5
"1259",59,59,"20_0.5",0.088576,20,0.5
"1260",60,60,"20_0.5",0.08710415,20,0.5
"1261",61,61,"20_0.5",0.08647615,20,0.5
"1262",62,62,"20_0.5",0.0848458,20,0.5
"1263",63,63,"20_0.5",0.08371075,20,0.5
"1264",64,64,"20_0.5",0.0820006,20,0.5
"1265",65,65,"20_0.5",0.08053265,20,0.5
"1266",66,66,"20_0.5",0.07916485,20,0.5
"1267",67,67,"20_0.5",0.0786841,20,0.5
"1268",68,68,"20_0.5",0.0772093,20,0.5
"1269",69,69,"20_0.5",0.0762341,20,0.5
"1270",70,70,"20_0.5",0.0749873,20,0.5
"1271",71,71,"20_0.5",0.0739056,20,0.5
"1272",72,72,"20_0.5",0.07254555,20,0.5
"1273",73,73,"20_0.5",0.07124105,20,0.5
"1274",74,74,"20_0.5",0.0706437,20,0.5
"1275",75,75,"20_0.5",0.06956425,20,0.5
"1276",76,76,"20_0.5",0.06849585,20,0.5
"1277",77,77,"20_0.5",0.06752335,20,0.5
"1278",78,78,"20_0.5",0.0666454,20,0.5
"1279",79,79,"20_0.5",0.06579905,20,0.5
"1280",80,80,"20_0.5",0.06458375,20,0.5
"1281",81,81,"20_0.5",0.06344005,20,0.5
"1282",82,82,"20_0.5",0.06271735,20,0.5
"1283",83,83,"20_0.5",0.0615367,20,0.5
"1284",84,84,"20_0.5",0.06054315,20,0.5
"1285",85,85,"20_0.5",0.0592777,20,0.5
"1286",86,86,"20_0.5",0.05864465,20,0.5
"1287",87,87,"20_0.5",0.058019,20,0.5
"1288",88,88,"20_0.5",0.05699415,20,0.5
"1289",89,89,"20_0.5",0.0560628,20,0.5
"1290",90,90,"20_0.5",0.0552465,20,0.5
"1291",91,91,"20_0.5",0.05464035,20,0.5
"1292",92,92,"20_0.5",0.0536174,20,0.5
"1293",93,93,"20_0.5",0.0528412,20,0.5
"1294",94,94,"20_0.5",0.0520925,20,0.5
"1295",95,95,"20_0.5",0.05102635,20,0.5
"1296",96,96,"20_0.5",0.05029285,20,0.5
"1297",97,97,"20_0.5",0.0494999,20,0.5
"1298",98,98,"20_0.5",0.04883765,20,0.5
"1299",99,99,"20_0.5",0.04811185,20,0.5
"1300",100,100,"20_0.5",0.0472883,20,0.5
"1301",1,1,"20_0.75",0.29418115,20,0.75
"1302",2,2,"20_0.75",0.2713776,20,0.75
"1303",3,3,"20_0.75",0.2648272,20,0.75
"1304",4,4,"20_0.75",0.260301,20,0.75
"1305",5,5,"20_0.75",0.25523905,20,0.75
"1306",6,6,"20_0.75",0.25129315,20,0.75
"1307",7,7,"20_0.75",0.2464883,20,0.75
"1308",8,8,"20_0.75",0.2410469,20,0.75
"1309",9,9,"20_0.75",0.23721815,20,0.75
"1310",10,10,"20_0.75",0.23314975,20,0.75
"1311",11,11,"20_0.75",0.22903165,20,0.75
"1312",12,12,"20_0.75",0.22550035,20,0.75
"1313",13,13,"20_0.75",0.2214681,20,0.75
"1314",14,14,"20_0.75",0.21781225,20,0.75
"1315",15,15,"20_0.75",0.2125274,20,0.75
"1316",16,16,"20_0.75",0.20964695,20,0.75
"1317",17,17,"20_0.75",0.20516125,20,0.75
"1318",18,18,"20_0.75",0.20219615,20,0.75
"1319",19,19,"20_0.75",0.19856765,20,0.75
"1320",20,20,"20_0.75",0.19477705,20,0.75
"1321",21,21,"20_0.75",0.19153675,20,0.75
"1322",22,22,"20_0.75",0.1882889,20,0.75
"1323",23,23,"20_0.75",0.1852632,20,0.75
"1324",24,24,"20_0.75",0.18122175,20,0.75
"1325",25,25,"20_0.75",0.17829345,20,0.75
"1326",26,26,"20_0.75",0.174491,20,0.75
"1327",27,27,"20_0.75",0.1715275,20,0.75
"1328",28,28,"20_0.75",0.16904965,20,0.75
"1329",29,29,"20_0.75",0.165891,20,0.75
"1330",30,30,"20_0.75",0.16330225,20,0.75
"1331",31,31,"20_0.75",0.1601008,20,0.75
"1332",32,32,"20_0.75",0.1581016,20,0.75
"1333",33,33,"20_0.75",0.15469085,20,0.75
"1334",34,34,"20_0.75",0.15191535,20,0.75
"1335",35,35,"20_0.75",0.14943095,20,0.75
"1336",36,36,"20_0.75",0.14641765,20,0.75
"1337",37,37,"20_0.75",0.1438058,20,0.75
"1338",38,38,"20_0.75",0.14111,20,0.75
"1339",39,39,"20_0.75",0.13868995,20,0.75
"1340",40,40,"20_0.75",0.13590285,20,0.75
"1341",41,41,"20_0.75",0.13301335,20,0.75
"1342",42,42,"20_0.75",0.1312732,20,0.75
"1343",43,43,"20_0.75",0.12888295,20,0.75
"1344",44,44,"20_0.75",0.1263376,20,0.75
"1345",45,45,"20_0.75",0.12427605,20,0.75
"1346",46,46,"20_0.75",0.1227073,20,0.75
"1347",47,47,"20_0.75",0.1198855,20,0.75
"1348",48,48,"20_0.75",0.1176256,20,0.75
"1349",49,49,"20_0.75",0.11521425,20,0.75
"1350",50,50,"20_0.75",0.1136326,20,0.75
"1351",51,51,"20_0.75",0.111311,20,0.75
"1352",52,52,"20_0.75",0.10950655,20,0.75
"1353",53,53,"20_0.75",0.1074368,20,0.75
"1354",54,54,"20_0.75",0.10593435,20,0.75
"1355",55,55,"20_0.75",0.1039583,20,0.75
"1356",56,56,"20_0.75",0.1019583,20,0.75
"1357",57,57,"20_0.75",0.10018375,20,0.75
"1358",58,58,"20_0.75",0.09842535,20,0.75
"1359",59,59,"20_0.75",0.096529,20,0.75
"1360",60,60,"20_0.75",0.0950036,20,0.75
"1361",61,61,"20_0.75",0.0926875,20,0.75
"1362",62,62,"20_0.75",0.09165445,20,0.75
"1363",63,63,"20_0.75",0.08977095,20,0.75
"1364",64,64,"20_0.75",0.08868635,20,0.75
"1365",65,65,"20_0.75",0.08688525,20,0.75
"1366",66,66,"20_0.75",0.0850131,20,0.75
"1367",67,67,"20_0.75",0.08328875,20,0.75
"1368",68,68,"20_0.75",0.0820142,20,0.75
"1369",69,69,"20_0.75",0.0806528,20,0.75
"1370",70,70,"20_0.75",0.0789887,20,0.75
"1371",71,71,"20_0.75",0.0779533,20,0.75
"1372",72,72,"20_0.75",0.0766979,20,0.75
"1373",73,73,"20_0.75",0.07501885,20,0.75
"1374",74,74,"20_0.75",0.0738294,20,0.75
"1375",75,75,"20_0.75",0.07227685,20,0.75
"1376",76,76,"20_0.75",0.0709528,20,0.75
"1377",77,77,"20_0.75",0.0698108,20,0.75
"1378",78,78,"20_0.75",0.06847655,20,0.75
"1379",79,79,"20_0.75",0.0672094,20,0.75
"1380",80,80,"20_0.75",0.0665966,20,0.75
"1381",81,81,"20_0.75",0.06518755,20,0.75
"1382",82,82,"20_0.75",0.06420165,20,0.75
"1383",83,83,"20_0.75",0.0627701,20,0.75
"1384",84,84,"20_0.75",0.0617354,20,0.75
"1385",85,85,"20_0.75",0.0604194,20,0.75
"1386",86,86,"20_0.75",0.0595336,20,0.75
"1387",87,87,"20_0.75",0.05830465,20,0.75
"1388",88,88,"20_0.75",0.05736555,20,0.75
"1389",89,89,"20_0.75",0.056154,20,0.75
"1390",90,90,"20_0.75",0.0552755,20,0.75
"1391",91,91,"20_0.75",0.0543313,20,0.75
"1392",92,92,"20_0.75",0.05342145,20,0.75
"1393",93,93,"20_0.75",0.0527652,20,0.75
"1394",94,94,"20_0.75",0.0515703,20,0.75
"1395",95,95,"20_0.75",0.05073465,20,0.75
"1396",96,96,"20_0.75",0.0497544,20,0.75
"1397",97,97,"20_0.75",0.0487228,20,0.75
"1398",98,98,"20_0.75",0.04788905,20,0.75
"1399",99,99,"20_0.75",0.04710275,20,0.75
"1400",100,100,"20_0.75",0.04625495,20,0.75
"1401",1,1,"20_1",0.2941406,20,1
"1402",2,2,"20_1",0.31314385,20,1
"1403",3,3,"20_1",0.30678235,20,1
"1404",4,4,"20_1",0.30070475,20,1
"1405",5,5,"20_1",0.29494365,20,1
"1406",6,6,"20_1",0.28938335,20,1
"1407",7,7,"20_1",0.28365605,20,1
"1408",8,8,"20_1",0.27887635,20,1
"1409",9,9,"20_1",0.27350415,20,1
"1410",10,10,"20_1",0.26817575,20,1
"1411",11,11,"20_1",0.2631551,20,1
"1412",12,12,"20_1",0.25812485,20,1
"1413",13,13,"20_1",0.2530542,20,1
"1414",14,14,"20_1",0.2484022,20,1
"1415",15,15,"20_1",0.24350385,20,1
"1416",16,16,"20_1",0.2391025,20,1
"1417",17,17,"20_1",0.2345528,20,1
"1418",18,18,"20_1",0.23015185,20,1
"1419",19,19,"20_1",0.225633,20,1
"1420",20,20,"20_1",0.22137715,20,1
"1421",21,21,"20_1",0.21699915,20,1
"1422",22,22,"20_1",0.21303395,20,1
"1423",23,23,"20_1",0.20873965,20,1
"1424",24,24,"20_1",0.20488265,20,1
"1425",25,25,"20_1",0.2008661,20,1
"1426",26,26,"20_1",0.1974287,20,1
"1427",27,27,"20_1",0.19373675,20,1
"1428",28,28,"20_1",0.18993435,20,1
"1429",29,29,"20_1",0.18614505,20,1
"1430",30,30,"20_1",0.1825348,20,1
"1431",31,31,"20_1",0.1791655,20,1
"1432",32,32,"20_1",0.1756415,20,1
"1433",33,33,"20_1",0.1723256,20,1
"1434",34,34,"20_1",0.1692006,20,1
"1435",35,35,"20_1",0.16599225,20,1
"1436",36,36,"20_1",0.16293335,20,1
"1437",37,37,"20_1",0.1596919,20,1
"1438",38,38,"20_1",0.1568025,20,1
"1439",39,39,"20_1",0.1537957,20,1
"1440",40,40,"20_1",0.1509261,20,1
"1441",41,41,"20_1",0.1480149,20,1
"1442",42,42,"20_1",0.1451782,20,1
"1443",43,43,"20_1",0.14248905,20,1
"1444",44,44,"20_1",0.13997485,20,1
"1445",45,45,"20_1",0.13721865,20,1
"1446",46,46,"20_1",0.13457305,20,1
"1447",47,47,"20_1",0.1318759,20,1
"1448",48,48,"20_1",0.1293024,20,1
"1449",49,49,"20_1",0.127007,20,1
"1450",50,50,"20_1",0.1245252,20,1
"1451",51,51,"20_1",0.1220912,20,1
"1452",52,52,"20_1",0.1198503,20,1
"1453",53,53,"20_1",0.1176972,20,1
"1454",54,54,"20_1",0.11540885,20,1
"1455",55,55,"20_1",0.1130535,20,1
"1456",56,56,"20_1",0.1109448,20,1
"1457",57,57,"20_1",0.1088851,20,1
"1458",58,58,"20_1",0.1067043,20,1
"1459",59,59,"20_1",0.10477845,20,1
"1460",60,60,"20_1",0.1026962,20,1
"1461",61,61,"20_1",0.10084265,20,1
"1462",62,62,"20_1",0.09889545,20,1
"1463",63,63,"20_1",0.09696725,20,1
"1464",64,64,"20_1",0.0951732,20,1
"1465",65,65,"20_1",0.09339335,20,1
"1466",66,66,"20_1",0.09154225,20,1
"1467",67,67,"20_1",0.08980915,20,1
"1468",68,68,"20_1",0.0882026,20,1
"1469",69,69,"20_1",0.0865275,20,1
"1470",70,70,"20_1",0.08486865,20,1
"1471",71,71,"20_1",0.0832388,20,1
"1472",72,72,"20_1",0.08160975,20,1
"1473",73,73,"20_1",0.08008995,20,1
"1474",74,74,"20_1",0.0786388,20,1
"1475",75,75,"20_1",0.0771333,20,1
"1476",76,76,"20_1",0.07561445,20,1
"1477",77,77,"20_1",0.0742565,20,1
"1478",78,78,"20_1",0.07282485,20,1
"1479",79,79,"20_1",0.07153945,20,1
"1480",80,80,"20_1",0.070119,20,1
"1481",81,81,"20_1",0.06866605,20,1
"1482",82,82,"20_1",0.06746395,20,1
"1483",83,83,"20_1",0.0661792,20,1
"1484",84,84,"20_1",0.0648773,20,1
"1485",85,85,"20_1",0.06364585,20,1
"1486",86,86,"20_1",0.06246705,20,1
"1487",87,87,"20_1",0.0611895,20,1
"1488",88,88,"20_1",0.0600302,20,1
"1489",89,89,"20_1",0.05895245,20,1
"1490",90,90,"20_1",0.05776565,20,1
"1491",91,91,"20_1",0.05670215,20,1
"1492",92,92,"20_1",0.05551005,20,1
"1493",93,93,"20_1",0.05451405,20,1
"1494",94,94,"20_1",0.0534249,20,1
"1495",95,95,"20_1",0.0524313,20,1
"1496",96,96,"20_1",0.05142635,20,1
"1497",97,97,"20_1",0.0504687,20,1
"1498",98,98,"20_1",0.0494985,20,1
"1499",99,99,"20_1",0.0485563,20,1
"1500",100,100,"20_1",0.04766345,20,1
"1501",1,1,"5_0",0.294105,5,0
"1502",2,2,"5_0",0.1471392,5,0
"1503",3,3,"5_0",0.0736892,5,0
"1504",4,4,"5_0",0.0368898,5,0
"1505",5,5,"5_0",0.0184576,5,0
"1506",6,6,"5_0",0.0092748,5,0
"1507",7,7,"5_0",0.0046228,5,0
"1508",8,8,"5_0",0.0023368,5,0
"1509",9,9,"5_0",0.0011778,5,0
"1510",10,10,"5_0",0.0005806,5,0
"1511",11,11,"5_0",0.0002946,5,0
"1512",12,12,"5_0",0.0001442,5,0
"1513",13,13,"5_0",7.32e-05,5,0
"1514",14,14,"5_0",3.72e-05,5,0
"1515",15,15,"5_0",1.7e-05,5,0
"1516",16,16,"5_0",7.6e-06,5,0
"1517",17,17,"5_0",3.2e-06,5,0
"1518",18,18,"5_0",1.4e-06,5,0
"1519",19,19,"5_0",4e-07,5,0
"1520",20,20,"5_0",4e-07,5,0
"1521",21,21,"5_0",0,5,0
"1522",22,22,"5_0",0,5,0
"1523",23,23,"5_0",0,5,0
"1524",24,24,"5_0",0,5,0
"1525",25,25,"5_0",0,5,0
"1526",26,26,"5_0",0,5,0
"1527",27,27,"5_0",0,5,0
"1528",28,28,"5_0",0,5,0
"1529",29,29,"5_0",0,5,0
"1530",30,30,"5_0",0,5,0
"1531",31,31,"5_0",0,5,0
"1532",32,32,"5_0",0,5,0
"1533",33,33,"5_0",0,5,0
"1534",34,34,"5_0",0,5,0
"1535",35,35,"5_0",0,5,0
"1536",36,36,"5_0",0,5,0
"1537",37,37,"5_0",0,5,0
"1538",38,38,"5_0",0,5,0
"1539",39,39,"5_0",0,5,0
"1540",40,40,"5_0",0,5,0
"1541",41,41,"5_0",0,5,0
"1542",42,42,"5_0",0,5,0
"1543",43,43,"5_0",0,5,0
"1544",44,44,"5_0",0,5,0
"1545",45,45,"5_0",0,5,0
"1546",46,46,"5_0",0,5,0
"1547",47,47,"5_0",0,5,0
"1548",48,48,"5_0",0,5,0
"1549",49,49,"5_0",0,5,0
"1550",50,50,"5_0",0,5,0
"1551",51,51,"5_0",0,5,0
"1552",52,52,"5_0",0,5,0
"1553",53,53,"5_0",0,5,0
"1554",54,54,"5_0",0,5,0
"1555",55,55,"5_0",0,5,0
"1556",56,56,"5_0",0,5,0
"1557",57,57,"5_0",0,5,0
"1558",58,58,"5_0",0,5,0
"1559",59,59,"5_0",0,5,0
"1560",60,60,"5_0",0,5,0
"1561",61,61,"5_0",0,5,0
"1562",62,62,"5_0",0,5,0
"1563",63,63,"5_0",0,5,0
"1564",64,64,"5_0",0,5,0
"1565",65,65,"5_0",0,5,0
"1566",66,66,"5_0",0,5,0
"1567",67,67,"5_0",0,5,0
"1568",68,68,"5_0",0,5,0
"1569",69,69,"5_0",0,5,0
"1570",70,70,"5_0",0,5,0
"1571",71,71,"5_0",0,5,0
"1572",72,72,"5_0",0,5,0
"1573",73,73,"5_0",0,5,0
"1574",74,74,"5_0",0,5,0
"1575",75,75,"5_0",0,5,0
"1576",76,76,"5_0",0,5,0
"1577",77,77,"5_0",0,5,0
"1578",78,78,"5_0",0,5,0
"1579",79,79,"5_0",0,5,0
"1580",80,80,"5_0",0,5,0
"1581",81,81,"5_0",0,5,0
"1582",82,82,"5_0",0,5,0
"1583",83,83,"5_0",0,5,0
"1584",84,84,"5_0",0,5,0
"1585",85,85,"5_0",0,5,0
"1586",86,86,"5_0",0,5,0
"1587",87,87,"5_0",0,5,0
"1588",88,88,"5_0",0,5,0
"1589",89,89,"5_0",0,5,0
"1590",90,90,"5_0",0,5,0
"1591",91,91,"5_0",0,5,0
"1592",92,92,"5_0",0,5,0
"1593",93,93,"5_0",0,5,0
"1594",94,94,"5_0",0,5,0
"1595",95,95,"5_0",0,5,0
"1596",96,96,"5_0",0,5,0
"1597",97,97,"5_0",0,5,0
"1598",98,98,"5_0",0,5,0
"1599",99,99,"5_0",0,5,0
"1600",100,100,"5_0",0,5,0
"1601",1,1,"5_0.25",0.2940678,5,0.25
"1602",2,2,"5_0.25",0.188649,5,0.25
"1603",3,3,"5_0.25",0.1477934,5,0.25
"1604",4,4,"5_0.25",0.1283834,5,0.25
"1605",5,5,"5_0.25",0.1167572,5,0.25
"1606",6,6,"5_0.25",0.1114486,5,0.25
"1607",7,7,"5_0.25",0.1055606,5,0.25
"1608",8,8,"5_0.25",0.1013674,5,0.25
"1609",9,9,"5_0.25",0.0951286,5,0.25
"1610",10,10,"5_0.25",0.0917254,5,0.25
"1611",11,11,"5_0.25",0.0891484,5,0.25
"1612",12,12,"5_0.25",0.0840602,5,0.25
"1613",13,13,"5_0.25",0.0791556,5,0.25
"1614",14,14,"5_0.25",0.0761038,5,0.25
"1615",15,15,"5_0.25",0.0716102,5,0.25
"1616",16,16,"5_0.25",0.0679928,5,0.25
"1617",17,17,"5_0.25",0.0657804,5,0.25
"1618",18,18,"5_0.25",0.0642386,5,0.25
"1619",19,19,"5_0.25",0.0603752,5,0.25
"1620",20,20,"5_0.25",0.0562872,5,0.25
"1621",21,21,"5_0.25",0.0530528,5,0.25
"1622",22,22,"5_0.25",0.0512536,5,0.25
"1623",23,23,"5_0.25",0.049932,5,0.25
"1624",24,24,"5_0.25",0.0479358,5,0.25
"1625",25,25,"5_0.25",0.0447412,5,0.25
"1626",26,26,"5_0.25",0.042305,5,0.25
"1627",27,27,"5_0.25",0.0405126,5,0.25
"1628",28,28,"5_0.25",0.0396012,5,0.25
"1629",29,29,"5_0.25",0.0370682,5,0.25
"1630",30,30,"5_0.25",0.0360256,5,0.25
"1631",31,31,"5_0.25",0.034662,5,0.25
"1632",32,32,"5_0.25",0.0321702,5,0.25
"1633",33,33,"5_0.25",0.0317378,5,0.25
"1634",34,34,"5_0.25",0.0296924,5,0.25
"1635",35,35,"5_0.25",0.029052,5,0.25
"1636",36,36,"5_0.25",0.0269582,5,0.25
"1637",37,37,"5_0.25",0.0260826,5,0.25
"1638",38,38,"5_0.25",0.0247288,5,0.25
"1639",39,39,"5_0.25",0.0234502,5,0.25
"1640",40,40,"5_0.25",0.022508,5,0.25
"1641",41,41,"5_0.25",0.0213996,5,0.25
"1642",42,42,"5_0.25",0.0201042,5,0.25
"1643",43,43,"5_0.25",0.0201124,5,0.25
"1644",44,44,"5_0.25",0.0185474,5,0.25
"1645",45,45,"5_0.25",0.0180046,5,0.25
"1646",46,46,"5_0.25",0.0166272,5,0.25
"1647",47,47,"5_0.25",0.016029,5,0.25
"1648",48,48,"5_0.25",0.0160032,5,0.25
"1649",49,49,"5_0.25",0.0150294,5,0.25
"1650",50,50,"5_0.25",0.0143132,5,0.25
"1651",51,51,"5_0.25",0.0136548,5,0.25
"1652",52,52,"5_0.25",0.0129684,5,0.25
"1653",53,53,"5_0.25",0.0124968,5,0.25
"1654",54,54,"5_0.25",0.0122186,5,0.25
"1655",55,55,"5_0.25",0.0113932,5,0.25
"1656",56,56,"5_0.25",0.01074,5,0.25
"1657",57,57,"5_0.25",0.0104958,5,0.25
"1658",58,58,"5_0.25",0.0101192,5,0.25
"1659",59,59,"5_0.25",0.009768,5,0.25
"1660",60,60,"5_0.25",0.0091102,5,0.25
"1661",61,61,"5_0.25",0.008592,5,0.25
"1662",62,62,"5_0.25",0.0081496,5,0.25
"1663",63,63,"5_0.25",0.0079308,5,0.25
"1664",64,64,"5_0.25",0.0073434,5,0.25
"1665",65,65,"5_0.25",0.0070184,5,0.25
"1666",66,66,"5_0.25",0.0065584,5,0.25
"1667",67,67,"5_0.25",0.0064114,5,0.25
"1668",68,68,"5_0.25",0.0061932,5,0.25
"1669",69,69,"5_0.25",0.0059374,5,0.25
"1670",70,70,"5_0.25",0.0056758,5,0.25
"1671",71,71,"5_0.25",0.0055162,5,0.25
"1672",72,72,"5_0.25",0.0052172,5,0.25
"1673",73,73,"5_0.25",0.0049412,5,0.25
"1674",74,74,"5_0.25",0.0046512,5,0.25
"1675",75,75,"5_0.25",0.0044344,5,0.25
"1676",76,76,"5_0.25",0.0041626,5,0.25
"1677",77,77,"5_0.25",0.0040712,5,0.25
"1678",78,78,"5_0.25",0.003991,5,0.25
"1679",79,79,"5_0.25",0.003785,5,0.25
"1680",80,80,"5_0.25",0.003593,5,0.25
"1681",81,81,"5_0.25",0.0034958,5,0.25
"1682",82,82,"5_0.25",0.0033094,5,0.25
"1683",83,83,"5_0.25",0.003226,5,0.25
"1684",84,84,"5_0.25",0.0029784,5,0.25
"1685",85,85,"5_0.25",0.0028584,5,0.25
"1686",86,86,"5_0.25",0.0026734,5,0.25
"1687",87,87,"5_0.25",0.002602,5,0.25
"1688",88,88,"5_0.25",0.002417,5,0.25
"1689",89,89,"5_0.25",0.0022876,5,0.25
"1690",90,90,"5_0.25",0.0021914,5,0.25
"1691",91,91,"5_0.25",0.0020894,5,0.25
"1692",92,92,"5_0.25",0.0019982,5,0.25
"1693",93,93,"5_0.25",0.0019996,5,0.25
"1694",94,94,"5_0.25",0.0019084,5,0.25
"1695",95,95,"5_0.25",0.001807,5,0.25
"1696",96,96,"5_0.25",0.0016892,5,0.25
"1697",97,97,"5_0.25",0.0016202,5,0.25
"1698",98,98,"5_0.25",0.0015716,5,0.25
"1699",99,99,"5_0.25",0.0014558,5,0.25
"1700",100,100,"5_0.25",0.001415,5,0.25
"1701",1,1,"5_0.5",0.2941198,5,0.5
"1702",2,2,"5_0.5",0.229979,5,0.5
"1703",3,3,"5_0.5",0.2081526,5,0.5
"1704",4,4,"5_0.5",0.189073,5,0.5
"1705",5,5,"5_0.5",0.1767378,5,0.5
"1706",6,6,"5_0.5",0.165468,5,0.5
"1707",7,7,"5_0.5",0.1540892,5,0.5
"1708",8,8,"5_0.5",0.1439238,5,0.5
"1709",9,9,"5_0.5",0.131416,5,0.5
"1710",10,10,"5_0.5",0.1243298,5,0.5
"1711",11,11,"5_0.5",0.1167966,5,0.5
"1712",12,12,"5_0.5",0.106712,5,0.5
"1713",13,13,"5_0.5",0.1004482,5,0.5
"1714",14,14,"5_0.5",0.0946042,5,0.5
"1715",15,15,"5_0.5",0.0891836,5,0.5
"1716",16,16,"5_0.5",0.0823978,5,0.5
"1717",17,17,"5_0.5",0.0773728,5,0.5
"1718",18,18,"5_0.5",0.0710998,5,0.5
"1719",19,19,"5_0.5",0.0674074,5,0.5
"1720",20,20,"5_0.5",0.062355,5,0.5
"1721",21,21,"5_0.5",0.0583854,5,0.5
"1722",22,22,"5_0.5",0.0543724,5,0.5
"1723",23,23,"5_0.5",0.050665,5,0.5
"1724",24,24,"5_0.5",0.0473966,5,0.5
"1725",25,25,"5_0.5",0.043553,5,0.5
"1726",26,26,"5_0.5",0.041194,5,0.5
"1727",27,27,"5_0.5",0.0382856,5,0.5
"1728",28,28,"5_0.5",0.0356332,5,0.5
"1729",29,29,"5_0.5",0.033157,5,0.5
"1730",30,30,"5_0.5",0.0311148,5,0.5
"1731",31,31,"5_0.5",0.029266,5,0.5
"1732",32,32,"5_0.5",0.0271278,5,0.5
"1733",33,33,"5_0.5",0.0255988,5,0.5
"1734",34,34,"5_0.5",0.0236624,5,0.5
"1735",35,35,"5_0.5",0.022002,5,0.5
"1736",36,36,"5_0.5",0.0204076,5,0.5
"1737",37,37,"5_0.5",0.019175,5,0.5
"1738",38,38,"5_0.5",0.017752,5,0.5
"1739",39,39,"5_0.5",0.0165386,5,0.5
"1740",40,40,"5_0.5",0.0156366,5,0.5
"1741",41,41,"5_0.5",0.0144506,5,0.5
"1742",42,42,"5_0.5",0.0133486,5,0.5
"1743",43,43,"5_0.5",0.0123778,5,0.5
"1744",44,44,"5_0.5",0.0117086,5,0.5
"1745",45,45,"5_0.5",0.0110736,5,0.5
"1746",46,46,"5_0.5",0.0102288,5,0.5
"1747",47,47,"5_0.5",0.0095974,5,0.5
"1748",48,48,"5_0.5",0.0088654,5,0.5
"1749",49,49,"5_0.5",0.0082866,5,0.5
"1750",50,50,"5_0.5",0.0077156,5,0.5
"1751",51,51,"5_0.5",0.0070994,5,0.5
"1752",52,52,"5_0.5",0.006594,5,0.5
"1753",53,53,"5_0.5",0.0061622,5,0.5
"1754",54,54,"5_0.5",0.0057612,5,0.5
"1755",55,55,"5_0.5",0.0054762,5,0.5
"1756",56,56,"5_0.5",0.0051162,5,0.5
"1757",57,57,"5_0.5",0.0047516,5,0.5
"1758",58,58,"5_0.5",0.0043926,5,0.5
"1759",59,59,"5_0.5",0.0040856,5,0.5
"1760",60,60,"5_0.5",0.0037816,5,0.5
"1761",61,61,"5_0.5",0.003533,5,0.5
"1762",62,62,"5_0.5",0.0033026,5,0.5
"1763",63,63,"5_0.5",0.003071,5,0.5
"1764",64,64,"5_0.5",0.0028854,5,0.5
"1765",65,65,"5_0.5",0.0026952,5,0.5
"1766",66,66,"5_0.5",0.0025134,5,0.5
"1767",67,67,"5_0.5",0.0023384,5,0.5
"1768",68,68,"5_0.5",0.0021878,5,0.5
"1769",69,69,"5_0.5",0.0020744,5,0.5
"1770",70,70,"5_0.5",0.0018978,5,0.5
"1771",71,71,"5_0.5",0.0017804,5,0.5
"1772",72,72,"5_0.5",0.0016256,5,0.5
"1773",73,73,"5_0.5",0.0015212,5,0.5
"1774",74,74,"5_0.5",0.0014368,5,0.5
"1775",75,75,"5_0.5",0.0013616,5,0.5
"1776",76,76,"5_0.5",0.0012508,5,0.5
"1777",77,77,"5_0.5",0.0011456,5,0.5
"1778",78,78,"5_0.5",0.0010816,5,0.5
"1779",79,79,"5_0.5",0.000992,5,0.5
"1780",80,80,"5_0.5",0.000936,5,0.5
"1781",81,81,"5_0.5",0.000892,5,0.5
"1782",82,82,"5_0.5",0.0008106,5,0.5
"1783",83,83,"5_0.5",0.0007598,5,0.5
"1784",84,84,"5_0.5",0.0007268,5,0.5
"1785",85,85,"5_0.5",0.0006674,5,0.5
"1786",86,86,"5_0.5",0.0006086,5,0.5
"1787",87,87,"5_0.5",0.0005774,5,0.5
"1788",88,88,"5_0.5",0.0005444,5,0.5
"1789",89,89,"5_0.5",0.0004972,5,0.5
"1790",90,90,"5_0.5",0.0004684,5,0.5
"1791",91,91,"5_0.5",0.0004198,5,0.5
"1792",92,92,"5_0.5",0.000396,5,0.5
"1793",93,93,"5_0.5",0.000372,5,0.5
"1794",94,94,"5_0.5",0.0003388,5,0.5
"1795",95,95,"5_0.5",0.0003164,5,0.5
"1796",96,96,"5_0.5",3e-04,5,0.5
"1797",97,97,"5_0.5",0.0002862,5,0.5
"1798",98,98,"5_0.5",0.0002584,5,0.5
"1799",99,99,"5_0.5",0.000248,5,0.5
"1800",100,100,"5_0.5",0.0002276,5,0.5
"1801",1,1,"5_0.75",0.29382,5,0.75
"1802",2,2,"5_0.75",0.2702602,5,0.75
"1803",3,3,"5_0.75",0.2507012,5,0.75
"1804",4,4,"5_0.75",0.2301102,5,0.75
"1805",5,5,"5_0.75",0.2146042,5,0.75
"1806",6,6,"5_0.75",0.1997922,5,0.75
"1807",7,7,"5_0.75",0.1823686,5,0.75
"1808",8,8,"5_0.75",0.1689358,5,0.75
"1809",9,9,"5_0.75",0.1561158,5,0.75
"1810",10,10,"5_0.75",0.143585,5,0.75
"1811",11,11,"5_0.75",0.1347228,5,0.75
"1812",12,12,"5_0.75",0.1226616,5,0.75
"1813",13,13,"5_0.75",0.1130562,5,0.75
"1814",14,14,"5_0.75",0.104474,5,0.75
"1815",15,15,"5_0.75",0.0969242,5,0.75
"1816",16,16,"5_0.75",0.089557,5,0.75
"1817",17,17,"5_0.75",0.0830624,5,0.75
"1818",18,18,"5_0.75",0.0764546,5,0.75
"1819",19,19,"5_0.75",0.070379,5,0.75
"1820",20,20,"5_0.75",0.0653926,5,0.75
"1821",21,21,"5_0.75",0.0598482,5,0.75
"1822",22,22,"5_0.75",0.0556338,5,0.75
"1823",23,23,"5_0.75",0.051515,5,0.75
"1824",24,24,"5_0.75",0.047552,5,0.75
"1825",25,25,"5_0.75",0.043903,5,0.75
"1826",26,26,"5_0.75",0.0404826,5,0.75
"1827",27,27,"5_0.75",0.0374388,5,0.75
"1828",28,28,"5_0.75",0.0344854,5,0.75
"1829",29,29,"5_0.75",0.0321146,5,0.75
"1830",30,30,"5_0.75",0.0296642,5,0.75
"1831",31,31,"5_0.75",0.0273792,5,0.75
"1832",32,32,"5_0.75",0.025047,5,0.75
"1833",33,33,"5_0.75",0.023339,5,0.75
"1834",34,34,"5_0.75",0.0214158,5,0.75
"1835",35,35,"5_0.75",0.0197956,5,0.75
"1836",36,36,"5_0.75",0.0181506,5,0.75
"1837",37,37,"5_0.75",0.0169242,5,0.75
"1838",38,38,"5_0.75",0.0154592,5,0.75
"1839",39,39,"5_0.75",0.0144148,5,0.75
"1840",40,40,"5_0.75",0.0132246,5,0.75
"1841",41,41,"5_0.75",0.0121816,5,0.75
"1842",42,42,"5_0.75",0.011297,5,0.75
"1843",43,43,"5_0.75",0.0103906,5,0.75
"1844",44,44,"5_0.75",0.0096118,5,0.75
"1845",45,45,"5_0.75",0.0089374,5,0.75
"1846",46,46,"5_0.75",0.0082302,5,0.75
"1847",47,47,"5_0.75",0.0075874,5,0.75
"1848",48,48,"5_0.75",0.0070414,5,0.75
"1849",49,49,"5_0.75",0.006517,5,0.75
"1850",50,50,"5_0.75",0.0060388,5,0.75
"1851",51,51,"5_0.75",0.0055394,5,0.75
"1852",52,52,"5_0.75",0.0050376,5,0.75
"1853",53,53,"5_0.75",0.004703,5,0.75
"1854",54,54,"5_0.75",0.0043622,5,0.75
"1855",55,55,"5_0.75",0.0040612,5,0.75
"1856",56,56,"5_0.75",0.0037574,5,0.75
"1857",57,57,"5_0.75",0.0034698,5,0.75
"1858",58,58,"5_0.75",0.0031984,5,0.75
"1859",59,59,"5_0.75",0.0029894,5,0.75
"1860",60,60,"5_0.75",0.0027356,5,0.75
"1861",61,61,"5_0.75",0.0024948,5,0.75
"1862",62,62,"5_0.75",0.0023138,5,0.75
"1863",63,63,"5_0.75",0.0021312,5,0.75
"1864",64,64,"5_0.75",0.0019922,5,0.75
"1865",65,65,"5_0.75",0.0018298,5,0.75
"1866",66,66,"5_0.75",0.0016986,5,0.75
"1867",67,67,"5_0.75",0.0015566,5,0.75
"1868",68,68,"5_0.75",0.001446,5,0.75
"1869",69,69,"5_0.75",0.0013404,5,0.75
"1870",70,70,"5_0.75",0.0012234,5,0.75
"1871",71,71,"5_0.75",0.0011386,5,0.75
"1872",72,72,"5_0.75",0.001063,5,0.75
"1873",73,73,"5_0.75",0.0009818,5,0.75
"1874",74,74,"5_0.75",0.0008894,5,0.75
"1875",75,75,"5_0.75",0.0008272,5,0.75
"1876",76,76,"5_0.75",0.0007778,5,0.75
"1877",77,77,"5_0.75",0.0006982,5,0.75
"1878",78,78,"5_0.75",0.0006528,5,0.75
"1879",79,79,"5_0.75",0.0005954,5,0.75
"1880",80,80,"5_0.75",0.0005488,5,0.75
"1881",81,81,"5_0.75",0.000507,5,0.75
"1882",82,82,"5_0.75",0.0004772,5,0.75
"1883",83,83,"5_0.75",0.0004362,5,0.75
"1884",84,84,"5_0.75",0.0004112,5,0.75
"1885",85,85,"5_0.75",0.000382,5,0.75
"1886",86,86,"5_0.75",0.0003394,5,0.75
"1887",87,87,"5_0.75",0.0003206,5,0.75
"1888",88,88,"5_0.75",0.000293,5,0.75
"1889",89,89,"5_0.75",0.0002534,5,0.75
"1890",90,90,"5_0.75",0.0002402,5,0.75
"1891",91,91,"5_0.75",0.0002246,5,0.75
"1892",92,92,"5_0.75",0.0001954,5,0.75
"1893",93,93,"5_0.75",0.0001748,5,0.75
"1894",94,94,"5_0.75",0.0001666,5,0.75
"1895",95,95,"5_0.75",0.0001558,5,0.75
"1896",96,96,"5_0.75",0.000141,5,0.75
"1897",97,97,"5_0.75",0.0001276,5,0.75
"1898",98,98,"5_0.75",0.000128,5,0.75
"1899",99,99,"5_0.75",0.0001156,5,0.75
"1900",100,100,"5_0.75",0.0001032,5,0.75
"1901",1,1,"5_1",0.2943092,5,1
"1902",2,2,"5_1",0.3133364,5,1
"1903",3,3,"5_1",0.2846556,5,1
"1904",4,4,"5_1",0.263457,5,1
"1905",5,5,"5_1",0.242548,5,1
"1906",6,6,"5_1",0.2235038,5,1
"1907",7,7,"5_1",0.205954,5,1
"1908",8,8,"5_1",0.1900656,5,1
"1909",9,9,"5_1",0.1749786,5,1
"1910",10,10,"5_1",0.1611692,5,1
"1911",11,11,"5_1",0.1488056,5,1
"1912",12,12,"5_1",0.1369174,5,1
"1913",13,13,"5_1",0.1262988,5,1
"1914",14,14,"5_1",0.1165958,5,1
"1915",15,15,"5_1",0.107184,5,1
"1916",16,16,"5_1",0.099146,5,1
"1917",17,17,"5_1",0.091318,5,1
"1918",18,18,"5_1",0.0842126,5,1
"1919",19,19,"5_1",0.0774716,5,1
"1920",20,20,"5_1",0.0712262,5,1
"1921",21,21,"5_1",0.0658064,5,1
"1922",22,22,"5_1",0.0607312,5,1
"1923",23,23,"5_1",0.0559516,5,1
"1924",24,24,"5_1",0.0517564,5,1
"1925",25,25,"5_1",0.0475042,5,1
"1926",26,26,"5_1",0.0438632,5,1
"1927",27,27,"5_1",0.0405384,5,1
"1928",28,28,"5_1",0.0373914,5,1
"1929",29,29,"5_1",0.0344344,5,1
"1930",30,30,"5_1",0.0317432,5,1
"1931",31,31,"5_1",0.0291844,5,1
"1932",32,32,"5_1",0.0268494,5,1
"1933",33,33,"5_1",0.024868,5,1
"1934",34,34,"5_1",0.0228854,5,1
"1935",35,35,"5_1",0.0211432,5,1
"1936",36,36,"5_1",0.019467,5,1
"1937",37,37,"5_1",0.0178944,5,1
"1938",38,38,"5_1",0.0165014,5,1
"1939",39,39,"5_1",0.0152504,5,1
"1940",40,40,"5_1",0.0140358,5,1
"1941",41,41,"5_1",0.0128866,5,1
"1942",42,42,"5_1",0.011913,5,1
"1943",43,43,"5_1",0.0109758,5,1
"1944",44,44,"5_1",0.010071,5,1
"1945",45,45,"5_1",0.0093338,5,1
"1946",46,46,"5_1",0.0085328,5,1
"1947",47,47,"5_1",0.007861,5,1
"1948",48,48,"5_1",0.0072504,5,1
"1949",49,49,"5_1",0.0067164,5,1
"1950",50,50,"5_1",0.0062008,5,1
"1951",51,51,"5_1",0.0056762,5,1
"1952",52,52,"5_1",0.0052358,5,1
"1953",53,53,"5_1",0.0048766,5,1
"1954",54,54,"5_1",0.0044652,5,1
"1955",55,55,"5_1",0.0040878,5,1
"1956",56,56,"5_1",0.0037154,5,1
"1957",57,57,"5_1",0.003446,5,1
"1958",58,58,"5_1",0.0031802,5,1
"1959",59,59,"5_1",0.0029162,5,1
"1960",60,60,"5_1",0.0026614,5,1
"1961",61,61,"5_1",0.0024676,5,1
"1962",62,62,"5_1",0.0022544,5,1
"1963",63,63,"5_1",0.0020682,5,1
"1964",64,64,"5_1",0.0019184,5,1
"1965",65,65,"5_1",0.0017454,5,1
"1966",66,66,"5_1",0.0016278,5,1
"1967",67,67,"5_1",0.001491,5,1
"1968",68,68,"5_1",0.001407,5,1
"1969",69,69,"5_1",0.0012854,5,1
"1970",70,70,"5_1",0.0011834,5,1
"1971",71,71,"5_1",0.0010752,5,1
"1972",72,72,"5_1",0.0009962,5,1
"1973",73,73,"5_1",0.0009178,5,1
"1974",74,74,"5_1",0.0008404,5,1
"1975",75,75,"5_1",0.00078,5,1
"1976",76,76,"5_1",0.000716,5,1
"1977",77,77,"5_1",0.0006682,5,1
"1978",78,78,"5_1",0.000622,5,1
"1979",79,79,"5_1",0.0005682,5,1
"1980",80,80,"5_1",0.0005326,5,1
"1981",81,81,"5_1",0.000485,5,1
"1982",82,82,"5_1",0.0004536,5,1
"1983",83,83,"5_1",0.0004148,5,1
"1984",84,84,"5_1",0.0003846,5,1
"1985",85,85,"5_1",0.0003568,5,1
"1986",86,86,"5_1",0.0003384,5,1
"1987",87,87,"5_1",0.0003092,5,1
"1988",88,88,"5_1",0.0002846,5,1
"1989",89,89,"5_1",0.0002656,5,1
"1990",90,90,"5_1",0.0002522,5,1
"1991",91,91,"5_1",0.0002354,5,1
"1992",92,92,"5_1",0.0002152,5,1
"1993",93,93,"5_1",0.000208,5,1
"1994",94,94,"5_1",0.0001914,5,1
"1995",95,95,"5_1",0.0001704,5,1
"1996",96,96,"5_1",0.0001566,5,1
"1997",97,97,"5_1",0.0001518,5,1
"1998",98,98,"5_1",0.0001396,5,1
"1999",99,99,"5_1",0.0001322,5,1
"2000",100,100,"5_1",0.0001254,5,1
